Clase,Imagen,HU1,HU2,HU3,HU4,HU5,HU6,HU7,Tiempo_HU
Afros,003_1.JPG,0.0012818453623339066,1.7706686576290078e-07,1.0182704255421641e-10,1.9120944375585673e-10,2.4829069725642813e-20,7.955598908733059e-14,9.765840918995734e-21,0.005071878433227539
Afros,003_10.JPG,0.0014342456781795134,5.384147084456696e-07,1.3077207838523616e-11,7.677866394903064e-12,3.774694415050533e-23,2.5076280883496245e-15,6.703737215174035e-23,0.0030145645141601562
Afros,003_11.JPG,0.0016211384146388487,2.673274598609078e-07,7.912353333133139e-11,9.530442805966913e-11,3.6212127260661965e-21,4.740077965086281e-14,7.441748241188757e-21,0.009872198104858398
Afros,003_12.JPG,0.0015336564870027545,2.742030840878256e-07,2.55419752369763e-10,3.0021972740670514e-10,5.893232647568195e-20,1.4725812398612214e-13,-5.863854061737144e-20,0.0
Afros,003_13.JPG,0.0012583810357309332,1.0675936220014323e-07,4.708116690377699e-13,2.611455843057715e-11,-8.24759618773056e-23,8.47043847715117e-15,-3.978146984241387e-23,0.0
Afros,003_14.JPG,0.0017846487320708564,7.061217980148351e-07,1.246890381301464e-10,3.9616879928277195e-11,2.564053608574793e-21,3.200057520356199e-14,-1.0856410857011201e-21,0.002505779266357422
Afros,003_15.JPG,0.001560659437943722,5.056920102645283e-07,5.158706191201074e-10,4.1626272986757813e-10,1.885762357072584e-19,2.900035670155311e-13,-4.0590731108811155e-20,0.0019943714141845703
Afros,003_16.JPG,0.0016261542213394406,6.786597567006026e-07,1.8851890661161953e-10,8.60589023704881e-11,1.0540854044132237e-20,6.852597351248327e-14,3.007578210677117e-21,0.0
Afros,003_17.JPG,0.0015087590019017877,5.649058313805614e-07,5.898013887533992e-11,2.5284109622606122e-11,5.992675833562666e-22,1.0142250029160723e-14,-7.708569848286696e-22,0.0
Afros,003_18.JPG,0.0015090899844615508,4.685462939310152e-07,5.314430446501695e-10,3.7664503182712924e-10,1.6007248630072605e-19,2.386774947702835e-13,-5.265507127513296e-20,0.0
Afros,003_19.JPG,0.0016920245923249273,5.950494392817928e-07,1.5130286882015479e-09,1.1801982639500799e-09,1.4951051110933946e-18,8.500198439881184e-13,-5.018650629729585e-19,0.002032041549682617
Afros,003_2.JPG,0.0016932336688450643,9.428361218620424e-07,1.0496847736026267e-09,3.1745970341238634e-10,1.2330200454407856e-19,2.2060571188615575e-13,1.3557293180102511e-19,0.0
Afros,003_20.JPG,0.0015054000071678883,5.862611221745946e-07,3.1863742776371853e-10,2.0974173871978093e-10,5.3820747998014075e-20,1.572418703363162e-13,6.584412955606134e-21,0.0
Afros,003_21.JPG,0.0013552194994057337,5.244338317961894e-07,5.636605987164072e-12,2.8228425695871813e-12,-1.1031566715135341e-23,1.0198409395903335e-15,-2.2566324675265522e-24,0.002991199493408203
Afros,003_22.JPG,0.0014635404852171379,3.7080780512563166e-07,7.711090592109943e-11,1.8491312757914672e-10,2.2035873536097242e-20,1.0772783301754845e-13,-1.4036166514605737e-21,0.0
Afros,003_23.JPG,0.0013805995266036658,3.6453293549166123e-07,1.1679253576588132e-10,1.1271578834252618e-10,1.2902816252105383e-20,6.669441640645612e-14,-8.766828428826852e-22,0.0
Afros,003_24.JPG,0.0013352045328019941,8.008915114707178e-07,5.7600064466015816e-11,9.987173617209646e-12,-1.0750250710155325e-22,-2.3326317095274478e-15,2.140605509027897e-22,0.0019953250885009766
Afros,003_25.JPG,0.0016604076103231011,9.417243158552943e-07,2.2518754065375395e-10,9.329940294780074e-11,7.874339753419888e-21,3.9160117952571194e-14,1.0994588664354972e-20,0.0
Afros,003_26.JPG,0.0015549027439785107,5.714283080873569e-07,6.567997623062404e-11,9.027248478955157e-11,3.3297692221662765e-21,5.935364910631351e-14,6.101602225446138e-21,0.0
Afros,003_27.JPG,0.0014898946070005682,6.406420325684082e-07,9.759139623480596e-10,2.924732830192643e-10,1.5199340230438493e-19,2.3147760187596325e-13,-3.6245815777229004e-20,0.0019931793212890625
Afros,003_28.JPG,0.0017959486351869416,7.597592246577972e-07,2.6858778223941523e-12,1.2667742698293435e-10,2.033234628398128e-21,1.0314487421827854e-13,1.1514546066692264e-21,0.0029942989349365234
Afros,003_29.JPG,0.0017376015164563266,1.1140228158330689e-06,1.7825313259592628e-11,1.1023395017165957e-10,4.77237495001546e-21,9.294717643139444e-14,1.049586110918174e-21,0.0
Afros,003_3.JPG,0.0017396512197486937,7.189963289716753e-07,1.3164839358643515e-10,4.460207528332465e-11,1.7809601214353895e-22,-3.646859551589444e-14,3.4131073374354795e-21,0.003365755081176758
Afros,003_30.JPG,0.001770702139041132,6.950907863563836e-07,1.2214580991492973e-12,3.856696292288694e-11,1.2972565033119344e-22,2.2142774256138188e-14,2.3073814224191894e-22,0.0027239322662353516
Afros,003_31.JPG,0.0015875010867430796,3.526802833874574e-07,3.5509103667119046e-11,3.306024339768329e-11,3.692385580208352e-22,1.953981358365504e-14,1.0708664914392486e-21,0.001983642578125
Afros,003_32.JPG,0.001759846251261232,8.141407918079368e-07,3.681506143781783e-11,1.8114912195934608e-10,1.3837772985879585e-20,1.22124465416534e-13,5.230662469421738e-21,0.0019948482513427734
Afros,003_33.JPG,0.0016184594722672865,6.925994375175166e-07,5.346041866953573e-12,4.979059145245057e-12,-2.408540974359781e-23,3.085614489251619e-15,8.932361694245868e-24,0.0020754337310791016
Afros,003_34.JPG,0.0015814929419257968,7.221015594472789e-07,2.5981013356614258e-11,2.045704385483762e-11,1.3067253088352557e-22,4.368841051804202e-15,4.531558903670549e-22,0.0019974708557128906
Afros,003_35.JPG,0.0014404619214427288,5.065843549701616e-07,7.973431036205585e-11,5.6197963012696167e-11,3.761649974293434e-21,3.9127917819199103e-14,-4.0444352122936845e-23,0.0019948482513427734
Afros,003_36.JPG,0.0013425409032431532,2.2830240091943134e-07,1.0764262212107986e-11,4.681582286794528e-12,2.0482220198540578e-23,1.753281526937719e-15,-2.6171928394281026e-23,0.0
Afros,003_37.JPG,0.001790430240450715,5.140283192703063e-07,5.486237644357345e-11,5.917053665895899e-11,3.3511123087057678e-21,3.960805634575458e-14,3.6825830969293417e-22,0.002248525619506836
Afros,003_38.JPG,0.0017623486657394737,4.857708640964356e-07,6.734021775026212e-12,8.020399987997844e-12,-2.640939912992119e-24,3.2621056769196284e-15,5.888367941613549e-23,0.0
Afros,003_39.JPG,0.0014295930924196278,4.4546487668526863e-07,8.492954601994597e-10,5.230578890387816e-10,3.412945894832597e-19,3.429794778468302e-13,-7.10976811864201e-20,0.0
Afros,003_4.JPG,0.001487835155313937,6.341871523338277e-07,2.7963140069059328e-11,1.577696455990758e-11,-3.3108639102218627e-22,-6.996823790692946e-15,-1.3980051627433793e-23,0.0030069351196289062
Afros,003_40.JPG,0.0016677230200431853,6.574606235341221e-07,2.69683491883863e-10,7.725731464564551e-11,1.3380678568901397e-21,4.8256182966467864e-14,1.1071017104772762e-20,0.0
Afros,003_41.JPG,0.0012741364107194688,1.7776259047953796e-07,6.429087177907434e-11,4.488089326511366e-12,-5.43924484466343e-23,6.34481757321639e-16,5.341882717070201e-23,0.0
Afros,003_42.JPG,0.001348251724329522,7.643004294139538e-08,8.4032368538079e-11,2.16822674870674e-12,1.9790784858332042e-23,-2.2165403079111343e-16,2.156132119132952e-23,0.0022268295288085938
Afros,003_43.JPG,0.0018177276567302226,1.1065262879121353e-06,4.816115803065666e-10,2.8283506131184336e-10,7.309635739748339e-20,2.1733715739200936e-13,-7.452291086992724e-20,0.015623092651367188
Afros,003_44.JPG,0.001267629710462923,1.1293453914853343e-07,5.4775869379583635e-11,6.342486308705499e-11,3.596278665014884e-21,1.8692782890505454e-14,1.0209295454513142e-21,0.001993894577026367
Afros,003_45.JPG,0.0020261937945296963,8.183059931187181e-07,1.816935078924129e-10,2.042194754054065e-10,7.19197864540062e-21,1.4512009540508748e-13,3.867526638614291e-20,0.001993417739868164
Afros,003_46.JPG,0.0012604674001742747,1.5727646681412517e-07,1.6896311915265875e-11,3.736160479970985e-11,7.873553251184843e-22,1.4697841792255554e-14,5.111354135856975e-22,0.0
Afros,003_47.JPG,0.001237249660101896,1.9776677543880106e-07,7.622133999355995e-11,4.911104310512371e-11,2.9005580431782972e-21,2.126631196829886e-14,-7.843665419080936e-22,0.0019931793212890625
Afros,003_48.JPG,0.0017166468415450863,7.690944548497967e-07,4.443131760910535e-11,7.394097729624013e-11,3.730569735154626e-21,6.216341954761031e-14,2.0110788984190848e-21,0.0
Afros,003_49.JPG,0.001538494779689994,5.336273137515048e-07,3.8066484426545826e-11,1.9143346852783717e-11,-1.360793961722409e-22,7.0313870214843244e-15,4.985325766762614e-22,0.0
Afros,003_5.JPG,0.0013098515247004525,5.974172738310387e-08,6.134282933047555e-11,4.678076319176589e-10,1.454201569585843e-20,6.559383925694999e-14,7.790133194328308e-20,0.0020301342010498047
Afros,003_50.JPG,0.0013519725879926258,2.905823169970805e-07,1.9878570243800163e-10,1.221327123349137e-10,1.7252373599104363e-20,6.129381175486549e-14,-8.031157185553536e-21,0.00199127197265625
Afros,003_6.JPG,0.0017528093440365303,7.500603008328151e-07,2.4882442090272523e-10,7.597314456110104e-12,3.1581639266053936e-22,-6.4159455056293845e-15,-9.681015093384723e-23,0.0
Afros,003_7.JPG,0.002060721664347648,1.310545239529214e-06,3.773782858904111e-11,2.3364130519368276e-11,-7.736018442347434e-23,-1.3443593688953987e-14,6.894391867415171e-22,0.001993894577026367
Afros,003_8.JPG,0.0016618517538642677,7.220115530835116e-07,3.3482584195889975e-11,2.530195418268504e-11,-4.345243748046731e-22,-8.474375297019774e-15,-5.945926890753744e-22,0.001995086669921875
Afros,003_9.JPG,0.001301285087369183,4.000876688045838e-07,2.0520168062231477e-12,2.573540809057057e-12,4.04089234013791e-24,1.4133446304447678e-15,4.3182759634115034e-24,0.0025167465209960938
Europeos,002_1.JPG,0.0014041453327835324,1.5481056782315772e-07,6.772074812156962e-11,1.629824674730799e-10,1.7122148272720568e-20,6.400056785244958e-14,-1.3725191281924723e-22,0.0030028820037841797
Europeos,002_10.JPG,0.0014370282111788595,5.049049727495518e-07,4.918133614715777e-12,1.2904983286394096e-12,-2.4273480667012416e-24,-8.797190466504425e-16,-2.162851077654162e-24,0.0020189285278320312
Europeos,002_11.JPG,0.0022131359861255217,1.8638518173372427e-06,2.1042742753439012e-10,1.254678328242138e-10,1.0863853922150612e-20,3.168970734613529e-14,1.725107656101514e-20,0.0019943714141845703
Europeos,002_12.JPG,0.0014652670811060452,4.138142549685252e-07,4.4157260405676153e-10,7.96419063683357e-11,6.7617470825610315e-21,4.83744390161432e-14,1.3316964057539901e-20,0.0
Europeos,002_13.JPG,0.0017458253567666138,9.983290278750039e-07,1.7641041293429238e-09,6.239542854812006e-10,4.501423957506689e-19,4.2865490208252695e-13,4.752926547652146e-19,0.0
Europeos,002_14.JPG,0.0017586750113962946,9.358169527921701e-07,1.7610838668461849e-09,6.316047785415768e-10,5.712032682668873e-19,5.117982445658066e-13,3.4271597479747045e-19,0.0
Europeos,002_15.JPG,0.0015139483861891533,6.59287339329938e-07,9.633149538747973e-10,3.230535135584928e-10,1.524981386800511e-19,2.256142445360193e-13,9.603384560502493e-20,0.0
Europeos,002_16.JPG,0.0015082747281830462,7.095230996428606e-07,2.898873819667574e-10,9.768931252046307e-11,1.3073672732315744e-20,7.85164709402311e-14,9.966546500969092e-21,0.002224445343017578
Europeos,002_17.JPG,0.0015903654575362479,5.79421970750494e-07,1.1347034658144692e-09,5.00923255377215e-10,2.8237872352728235e-19,2.962349374372929e-13,2.507735178579677e-19,0.0
Europeos,002_18.JPG,0.0015993439175080392,6.153119222744198e-07,5.081485680875978e-10,2.4057010940773486e-10,4.4150448149141466e-20,1.2598914548572834e-13,7.159303703358773e-20,0.0020322799682617188
Europeos,002_19.JPG,0.0011304312358108883,1.2026704988146724e-07,1.3315319346986886e-10,9.505329293058209e-11,1.048636079513267e-20,3.267508167829033e-14,2.095397785518178e-21,0.0
Europeos,002_2.JPG,0.0018495859352075583,8.900483828130219e-07,3.158693305328718e-10,2.5162570526072298e-11,-1.3267614526130872e-22,1.669007496476815e-14,2.239367322648133e-21,0.0
Europeos,002_20.JPG,0.001317648768575696,3.2825920899927017e-07,3.558344054817174e-11,3.112169284807542e-12,2.2167279216311658e-23,9.72430600177933e-16,-2.4108322056221226e-23,0.0009970664978027344
Europeos,002_21.JPG,0.0014793392647844267,4.389717606061644e-07,5.11027202594409e-10,2.7882591639168745e-10,8.513300196895395e-20,1.782583848668236e-13,6.188630457298783e-20,0.016799449920654297
Europeos,002_22.JPG,0.001273095954934177,5.168950291368163e-08,3.729188915386924e-10,1.985174192090633e-10,2.7884234200602456e-20,4.513358155286744e-14,4.625975928986561e-20,0.0
Europeos,002_23.JPG,0.0013714722879966815,4.5066196709952576e-07,9.049691616303784e-11,7.148272923783923e-12,-1.0841256369610745e-22,1.8502576424176057e-15,1.4595107297775334e-22,0.0019979476928710938
Europeos,002_24.JPG,0.0018380646688633197,1.0183886001421503e-06,7.105153163746191e-10,1.9456948811834067e-10,2.8180348437885265e-20,1.3342588665065708e-13,6.662907274451052e-20,0.001992940902709961
Europeos,002_25.JPG,0.0014279212727494634,6.022439120426703e-07,2.131368852546418e-10,7.679903220208543e-11,6.7756444396835105e-21,4.4733093262573887e-14,7.115811175292406e-21,0.002019166946411133
Europeos,002_26.jpg,0.0017766700719875042,1.2524191741987152e-06,7.60434057026642e-10,1.6237624013624964e-10,4.040490729052351e-21,5.303315108642363e-14,5.691448988508984e-20,0.0
Europeos,002_27.JPG,0.0017363804850689987,9.497873612699769e-07,1.4955013298322388e-10,8.919511355031954e-12,-2.4788851542979704e-22,3.961553743231928e-15,2.1136319339968908e-22,0.0019876956939697266
Europeos,002_28.jpg,0.0016046439177503636,7.611815312107927e-07,8.043323449982422e-12,1.3056344193486017e-11,2.7417492651203484e-23,-9.586912739777089e-15,1.3095888539491069e-22,0.0
Europeos,002_29.JPG,0.001738758111015139,1.0574162274426555e-06,1.0210982279271033e-09,3.072563613805637e-10,6.060462663493423e-20,1.473506230662836e-13,1.6107782048514634e-19,0.0
Europeos,002_3.JPG,0.001685113652296573,8.694742878106189e-07,7.104771003125683e-10,1.3735075922119665e-10,5.439109641823835e-21,7.257923006235143e-14,4.256021065308943e-20,0.001993894577026367
Europeos,002_30.JPG,0.0017513893446653808,7.708443646524625e-07,5.152925479945095e-10,3.941613154857376e-10,1.6877901565321334e-19,3.3964946336989317e-13,5.540037380853434e-20,0.0019352436065673828
Europeos,002_31.JPG,0.001822709441850052,1.07311447642167e-06,3.299474709259896e-10,8.971531767187238e-11,1.7130996312942468e-22,3.459267067612721e-14,1.5434606158172722e-20,0.001995563507080078
Europeos,002_32.JPG,0.0018266321075785133,1.1752225815224803e-06,3.248592466009032e-10,1.3341363533146685e-10,6.662717739770212e-21,9.310799150818871e-14,-2.6963624785782164e-20,0.002528667449951172
Europeos,002_33.JPG,0.0017683778220549244,1.14849545916643e-06,9.049637470013285e-10,2.43720266379238e-10,6.306660233294888e-20,1.8335439324696466e-13,9.551782016253058e-20,0.0024123191833496094
Europeos,002_34.JPG,0.0018063857354251502,9.466833144069988e-07,5.665499059815951e-10,2.0565457003921516e-10,-1.4493352762365967e-20,6.970597901601977e-14,6.868584217979367e-20,0.0
Europeos,002_35.JPG,0.001462151349079835,5.196522416524281e-07,3.0494407611742044e-10,9.945077626964997e-11,1.4373118212074448e-20,7.129672195142518e-14,9.662329862948317e-21,0.0018990039825439453
Europeos,002_36.JPG,0.001399006827782173,5.082743739653669e-07,4.145046434982621e-11,1.2192506549652624e-11,2.66971729758585e-22,8.653487073321652e-15,6.209050838948798e-23,0.0019936561584472656
Europeos,002_37.JPG,0.001359584844547691,3.764436400713709e-07,1.392442671011169e-10,3.076664872208121e-11,1.922230325304093e-21,1.2174174733062154e-14,6.00235865952205e-22,0.0
Europeos,002_38.JPG,0.0014261587743637787,3.815307686204057e-07,8.312782731260119e-10,3.709691766880249e-10,1.926203253521187e-19,2.2547112949271267e-13,-7.304723693074207e-20,0.001993894577026367
Europeos,002_39.JPG,0.0012957947983807737,1.5281838003273908e-07,6.845051798792152e-11,1.5074899110198252e-10,1.5282203127957283e-20,5.618690134935237e-14,-9.76073988204161e-22,0.002991199493408203
Europeos,002_4.JPG,0.0015656762216338643,6.809139628345194e-07,5.108639255552505e-11,3.3516140915643746e-11,-2.1095688838223561e-22,2.1482791863049357e-14,-1.3707249079160428e-21,0.001990079879760742
Europeos,002_40.JPG,0.0016741008676190922,7.510538292872127e-07,8.463191671231342e-11,3.940057803200222e-11,1.2419205370765834e-21,-3.412521185560248e-14,1.9063582493446255e-21,0.0026481151580810547
Europeos,002_41.JPG,0.0017652238245118496,9.182189248832562e-07,1.804764922444576e-11,2.75411618694899e-11,-6.074294443793999e-22,-2.2831737041876733e-14,8.973347555256201e-23,0.0019855499267578125
Europeos,002_42.JPG,0.0014571350045161785,5.917259714914845e-07,4.332579318431011e-11,9.215027098961148e-12,1.8263012759636753e-22,6.5589333483915265e-15,-2.343286826102618e-23,0.001995563507080078
Europeos,002_43.JPG,0.0016192189469936722,5.893070998142285e-07,1.1618779644339604e-10,6.839095270967851e-11,-2.3254599069270333e-21,1.6680696710963925e-14,-5.635525524932795e-21,0.0024394989013671875
Europeos,002_44.JPG,0.0013119674180205952,2.6059232743587977e-07,1.458379674277287e-10,8.72472122187235e-11,9.656932949291212e-21,4.453690807023584e-14,1.8971998648250274e-21,0.001993894577026367
Europeos,002_45.JPG,0.0013112337003025013,1.5376527067237309e-07,1.0533049989781881e-11,5.409467171586411e-11,1.0952455373349183e-21,2.012172864202775e-14,6.839240063585374e-22,0.0016505718231201172
Europeos,002_46.JPG,0.0013152209074351797,2.0085133444937392e-07,7.438700305243423e-10,4.789329653179307e-10,2.428246373860438e-19,1.6560291823454964e-13,-1.508471374343964e-19,0.0019943714141845703
Europeos,002_47.JPG,0.00181344137846143,1.0890961812520688e-06,2.042517741965818e-10,4.226858320960198e-10,1.217831218515174e-19,4.35744811275738e-13,-2.4364909772347558e-20,0.001993894577026367
Europeos,002_48.JPG,0.0015105324601930297,2.6054340791833205e-07,6.626198190200233e-12,8.511621376027349e-11,1.9278531850997507e-21,4.200953193137971e-14,6.077909524168528e-22,0.0030603408813476562
Europeos,002_49.JPG,0.0018379455591147453,9.951254088947737e-07,6.246961664063882e-11,1.6370091564797434e-11,-3.931890374186e-22,-9.755969388253755e-15,-3.4561186325195223e-22,0.0
Europeos,002_5.JPG,0.0017829477462606217,9.57810168059669e-07,6.398024181665428e-10,2.4857708878670187e-10,5.493334468852939e-20,1.8260706409679893e-13,8.251977638710024e-20,0.015009880065917969
Europeos,002_50.JPG,0.0020137942874171796,1.3890588424094786e-06,1.4456512658230575e-10,6.273521889495686e-11,5.3043781023320115e-21,6.012392849095749e-14,-2.7491425105124023e-21,0.0016527175903320312
Europeos,002_6.JPG,0.0015622154090570847,6.073492909971996e-07,3.403869806433311e-11,1.754490040335293e-11,8.721388620860219e-23,5.706688356031331e-15,4.1979478801236637e-22,0.009941577911376953
Europeos,002_7.JPG,0.0015456797396654837,6.599918340963377e-07,6.255567188363322e-12,8.176525042917525e-12,-5.798047971376758e-23,2.2850982483459183e-15,-7.605645860777488e-24,0.002507925033569336
Europeos,002_8.JPG,0.001587486881067385,7.026755874642237e-07,8.352390241393072e-11,7.514472079375335e-11,3.000846619757557e-21,5.696133514932718e-14,-5.1415891284553385e-21,0.001985788345336914
Europeos,002_9.JPG,0.0016099142227157985,7.403000758946141e-07,4.958227621599148e-10,1.3210707373478615e-10,1.8608255737780838e-20,8.042814644347403e-14,-2.822918093063308e-20,0.0019779205322265625
Indigenas,001_1.JPG,0.001410345564565623,4.93963578462918e-07,3.7337340819712927e-10,1.186569381435853e-10,2.4180749749584154e-20,8.300929734240757e-14,6.249713463030857e-21,0.0029616355895996094
Indigenas,001_10.JPG,0.0016292327062960676,8.076553463318989e-07,4.2669016871098326e-11,1.691803921178172e-11,2.906978293013105e-22,3.645387550324435e-16,3.4944267940615637e-22,0.001993894577026367
Indigenas,001_11.JPG,0.0016384965757147145,6.315449498437067e-07,4.903819914370246e-10,1.1226248946619759e-10,3.610275687146205e-21,7.393291777802577e-14,2.6091620427410253e-20,0.015238523483276367
Indigenas,001_12.JPG,0.0015525620457826537,5.400040615847538e-07,2.803024661954361e-10,1.6352193858012758e-10,2.004175658744737e-20,1.1599078392133818e-13,-2.8704453050636914e-20,0.0
Indigenas,001_13.JPG,0.0014214473393452853,3.5576063189945006e-07,1.60720695622269e-11,1.5630246223737206e-11,-1.7482894272854827e-22,7.431951481878672e-15,-1.7551836781906053e-22,0.0
Indigenas,001_14.JPG,0.0013895320949589883,4.5439963604991057e-07,1.2694385749198736e-10,6.020830479093452e-11,4.256360133221682e-21,3.927188309705047e-14,3.096748101968321e-21,0.0
Indigenas,001_15.JPG,0.0016335299300044483,6.878862836197127e-07,4.244053719915088e-10,2.3034086346044126e-10,5.1694042912779794e-20,1.3611935991238178e-13,5.0144375072566506e-20,0.0
Indigenas,001_16.JPG,0.0012299543095585911,1.6643124083947915e-07,6.387631493665823e-11,3.947476116906633e-11,1.9476903138742202e-21,1.3194055187224166e-14,3.6830752438193745e-22,0.0
Indigenas,001_17.JPG,0.0014800097026833477,5.960540792966264e-07,5.3831044701763835e-11,3.720501687698995e-11,-1.6608010153618787e-21,-4.463258022529763e-15,-1.1841233652625261e-22,0.0019941329956054688
Indigenas,001_18.JPG,0.0017124582802018002,8.10200652571096e-07,5.6223802244529095e-11,3.0524525832004345e-11,-1.1141719058351436e-21,-1.5048382629153387e-14,-5.980712173725448e-22,0.0
Indigenas,001_19.JPG,0.0015692837419100025,5.448721551029681e-07,2.8814609557809705e-11,6.074185321886036e-11,-8.96106802794779e-22,3.5329703289441544e-14,2.377956590420475e-21,0.0156252384185791
Indigenas,001_2.JPG,0.0014549461872706958,5.209857775464439e-07,4.981081257991977e-10,2.025799618775225e-10,5.1933645103474687e-20,1.3767765314961194e-13,3.79996232740196e-20,0.0
Indigenas,001_20.JPG,0.0014490240847104781,4.0727286632205033e-07,3.062944927804411e-10,6.594380275130558e-11,8.913943200521136e-21,3.923334276780873e-14,-2.8940130113694696e-21,0.0
Indigenas,001_21.JPG,0.0013966038253377206,2.599246834151847e-07,1.2051350401944465e-10,5.411804943326129e-11,-3.6351555196205834e-22,2.6656607953648845e-14,4.3553554360310576e-21,0.0020225048065185547
Indigenas,001_22.JPG,0.0014312015107215633,3.550380948310918e-07,1.7610389345280338e-11,4.093403563745644e-12,-8.444825152352515e-24,2.3948571315159376e-15,3.3712931503666284e-23,0.016692399978637695
Indigenas,001_23.JPG,0.0013478956350872397,3.30987678805337e-07,1.397298506458226e-11,9.274057132001968e-12,6.485024672975782e-23,4.0835480730391705e-15,-8.330617196032022e-23,0.0019943714141845703
Indigenas,001_24.JPG,0.001635745111977265,5.254939489718461e-07,3.003899853966146e-10,2.2299863746710115e-10,2.6339544230896188e-20,1.097766411899652e-13,5.1355255021610625e-20,0.0
Indigenas,001_25.JPG,0.0012604135246859583,8.270520029166195e-08,1.4580685408991675e-10,1.9943737339457825e-10,3.4004757105070757e-20,5.559292609659824e-14,5.610847659813738e-22,0.0
Indigenas,001_26.JPG,0.0014876377592852356,4.179469028501947e-07,3.1441382422465557e-10,1.1463080813956948e-10,1.7751607318956464e-20,7.154958357502962e-14,-1.2588641567210582e-20,0.0029914379119873047
Indigenas,001_27.JPG,0.0012983014422723554,2.5753893675941477e-07,1.1393582644267333e-10,7.919912214879218e-11,7.482768496853889e-21,3.9700374459750085e-14,-7.8027210105927e-22,0.0
Indigenas,001_28.JPG,0.001402614920509611,3.7493550858641844e-07,3.020208053616242e-11,2.0506556226458624e-11,-2.998862293531396e-22,3.247525544657284e-15,-4.1293180017625585e-22,0.001993894577026367
Indigenas,001_29.JPG,0.001278248588603837,1.8703778471185818e-07,8.598428951271017e-11,1.4372519300552744e-10,6.351776330350655e-21,4.564666210174569e-14,1.4660679912538023e-20,0.001987934112548828
Indigenas,001_3.JPG,0.0014229425084856804,3.649962830763415e-07,4.273551275957048e-10,2.3998615848123004e-10,6.940558252063851e-20,1.3947583259332818e-13,3.300909425653411e-20,0.0
Indigenas,001_30.JPG,0.0015021729606726577,2.8115229399321866e-07,3.016531480057911e-11,8.91072058745736e-11,1.4159682593705725e-21,4.156389742089388e-14,-4.3974521535954424e-21,0.0019943714141845703
Indigenas,001_31.JPG,0.0014245221608114457,1.101564739359489e-07,3.2498407990076157e-10,8.870196519474435e-10,3.5775578946334135e-19,2.629891919986038e-13,-3.143574289160059e-19,0.0
Indigenas,001_32.JPG,0.001233532434310959,7.34668534269656e-08,1.7866644479583375e-10,3.0030990144184626e-10,2.169754583020344e-20,3.15579239833198e-14,-6.609217495118328e-20,0.0
Indigenas,001_33.JPG,0.0017843060079051625,5.604227002019668e-07,9.866306661041605e-10,9.780990672520282e-10,7.777973179410741e-19,6.598656625486513e-13,-5.641338077805513e-19,0.0
Indigenas,001_34.JPG,0.0014635317948872304,4.264761120864608e-07,2.8611550714054715e-11,4.933120390347706e-11,1.8292192770326175e-21,3.217378898052505e-14,2.979883512541353e-22,0.0
Indigenas,001_35.JPG,0.0017181898902099374,4.916723471831561e-07,1.8626449849024918e-11,1.6544623715443377e-11,-2.859830924405962e-22,-8.752540008604276e-15,5.066277630394123e-23,0.0
Indigenas,001_36.JPG,0.001467600087727117,5.281355450883546e-07,1.9843700507257534e-11,1.2205424817761498e-11,8.241304957138953e-23,2.648173947072909e-15,-1.71141233212611e-22,0.0
Indigenas,001_37.JPG,0.0014589091789438942,3.415368589463165e-07,2.488536277316127e-10,7.157615884060434e-11,7.23382972939551e-21,4.166759984505683e-14,6.239000357899859e-21,0.0
Indigenas,001_38.JPG,0.0017324327134593134,4.778793635740862e-07,1.2487477358676321e-11,1.4265469064028366e-11,8.215777342212442e-23,3.851625188227496e-15,1.717619758345014e-22,0.0015366077423095703
Indigenas,001_39.JPG,0.0014160505578144887,1.234517804423588e-07,4.77643998238093e-11,1.2820100139930173e-10,9.75849147192795e-21,4.357138292428815e-14,2.3267329848776303e-21,0.0019905567169189453
Indigenas,001_4.JPG,0.001593824160517997,8.418367027180964e-07,1.0450887446979031e-10,2.4756643440312716e-11,-1.2178193200988253e-21,-4.7587743381546396e-15,-3.203798227178996e-22,0.0019943714141845703
Indigenas,001_40.JPG,0.0014645625135968686,3.789178524750654e-07,1.5880707711375174e-11,5.252402507732404e-12,4.6831984872451133e-23,2.802266109687497e-15,-1.03879492357009e-23,0.007925033569335938
Indigenas,001_41.JPG,0.001496249316518274,3.2414832897932676e-07,5.5046979239679595e-12,1.674068535783966e-14,-3.673931514935502e-27,7.318513618559779e-19,3.5111240547223864e-27,0.0
Indigenas,001_42.JPG,0.001558036683308929,4.987669864094594e-07,1.5915901673348868e-10,6.365420061346099e-11,6.396676096642091e-21,4.389207023897361e-14,3.6396147313290452e-22,0.0
Indigenas,001_43.JPG,0.0019620504965913877,1.0913003919582137e-06,1.63519465175787e-10,7.405522663263692e-11,7.052031209694623e-21,7.06756565503372e-14,-4.084033973913627e-21,0.0031147003173828125
Indigenas,001_44.JPG,0.0018004737605257165,9.209401060285064e-07,5.307203723830992e-11,1.879026044696259e-11,5.846799893957921e-22,1.8020257996487748e-14,-1.0123140078530769e-22,0.0
Indigenas,001_45.JPG,0.001832373844906813,9.575904767398118e-07,8.172861212100123e-11,5.419913779409653e-11,3.587334822770772e-21,5.303606185696249e-14,-3.7847678153138944e-22,0.0
Indigenas,001_46.JPG,0.0015889419136417865,6.484016308360329e-07,5.403555149976049e-11,1.6403256769734608e-11,1.0683890551609744e-22,3.75876971215854e-15,4.7652414836315835e-22,0.0
Indigenas,001_47.JPG,0.001805710186655995,9.075660758482251e-07,2.5590591748196597e-11,5.617284772708799e-11,1.9298309840615842e-21,9.840624476465166e-15,-9.00895380998501e-22,0.0017504692077636719
Indigenas,001_48.JPG,0.0015371006804188493,4.090817024845047e-07,5.242088429009696e-10,3.448623089725732e-10,1.393466396109458e-19,2.0828406166322898e-13,-4.563623994383136e-20,0.003505229949951172
Indigenas,001_49.JPG,0.0015754025505015441,6.056601937697004e-07,3.728532528856355e-10,1.918824415166238e-10,3.917864446790358e-20,1.459556928828193e-13,-3.3154228598158347e-20,0.0029909610748291016
Indigenas,001_5.JPG,0.0014164824808094365,4.038962560584018e-07,3.1752223574610604e-10,2.8991916750835073e-10,6.637558035376858e-20,1.7771787292399319e-13,-5.772225207549334e-20,0.0029921531677246094
Indigenas,001_50.JPG,0.0017377991029419067,7.69522987795412e-07,1.2343579733753164e-09,6.783625551814698e-10,4.715165342083966e-19,5.015281241042169e-13,-4.0372856150829533e-19,0.0
Indigenas,001_6.JPG,0.001632493550389368,6.462120154651926e-07,1.553975766240835e-09,7.727582865853843e-10,7.316730113634482e-19,5.391442931835218e-13,4.2631822255536193e-19,0.001993417739868164
Indigenas,001_7.JPG,0.001489348477359221,4.4512538033339295e-07,2.065488019910136e-10,3.587469649153595e-11,2.30359856003706e-21,2.3770252633503836e-14,-2.056671574533149e-21,0.0019979476928710938
Indigenas,001_8.JPG,0.0017044913125533864,8.37806243035167e-07,9.127170139784673e-10,2.5179228717937277e-10,8.112781381118917e-20,1.896284933602189e-13,8.937789113380449e-20,0.001995086669921875
Indigenas,001_9.JPG,0.0014233529283722653,3.3164417787884113e-07,2.407076291752431e-10,1.6870140676328137e-10,3.143423205459585e-20,9.226159850716071e-14,1.294570695826387e-20,0.0
Mestizos,004_1.JPG,0.0018125913685784227,8.239629167223662e-07,8.670051180123008e-10,5.148677032486172e-10,2.0385840852667339e-19,3.5954599865642784e-13,2.7708391316024176e-19,0.0029799938201904297
Mestizos,004_10.JPG,0.0012805280799254033,1.720952512089104e-07,5.100993064517424e-11,6.561375583597722e-11,-4.996348759779002e-22,2.3361677880940314e-14,-3.762917794920448e-21,0.002130746841430664
Mestizos,004_100.JPG,0.0015706289123010534,5.168262786341673e-07,1.016310726019875e-09,5.792455328028275e-10,2.923979389189178e-19,3.384170581685169e-13,3.347014228176867e-19,0.001993894577026367
Mestizos,004_101.JPG,0.00184737284634251,9.99610016211107e-07,8.017377853575647e-10,2.2531344902130454e-10,1.547389963771703e-20,1.3901742856030158e-13,9.450435370879729e-20,0.0019669532775878906
Mestizos,004_102.JPG,0.0015930196237600763,7.567871874649388e-07,3.0351885289686974e-10,6.824385631301454e-11,1.7949736185880224e-21,3.8999235446810914e-14,9.656320830605657e-21,0.0020203590393066406
Mestizos,004_103.JPG,0.0018266335346855864,7.495456054967185e-07,1.1357759997130055e-09,5.370562938401466e-10,2.1883581089607585e-19,3.293453006538849e-13,3.5783492928195555e-19,0.0
Mestizos,004_104.JPG,0.0017464239514545263,9.42969061120853e-07,7.492766841652381e-10,1.995522388990998e-10,2.5031382405324136e-20,1.3814573249241812e-13,7.298954582726129e-20,0.002989530563354492
Mestizos,004_105.JPG,0.0015451038202360526,5.876292738145506e-07,7.836021067130835e-10,3.6186282841766617e-10,1.5449103397302844e-19,2.3683602337223715e-13,1.1516396920019962e-19,0.003995656967163086
Mestizos,004_106.JPG,0.0014344258538730272,4.5825827860257726e-07,1.9328565997451724e-10,2.4390177395939892e-11,-1.6746060145427035e-21,7.216927990412059e-15,1.1139949661352384e-23,0.0019936561584472656
Mestizos,004_107.JPG,0.0015538970944140855,5.312322360400359e-07,1.0872808233412577e-09,7.1079463882521e-10,5.003326595582911e-19,4.09590680582899e-13,3.7433284647427404e-19,0.0
Mestizos,004_108.JPG,0.001660579180705799,6.90562073662947e-07,9.989116767242922e-10,3.262947188140165e-10,1.1962238718368044e-19,2.1266578413369334e-13,1.428030170897929e-19,0.0020232200622558594
Mestizos,004_109.JPG,0.001343530943519557,3.592677932919328e-07,1.0995284606583699e-10,5.295382027112496e-11,2.909330334129528e-21,2.5132997630796195e-14,2.8040141350270585e-21,0.0029914379119873047
Mestizos,004_11.JPG,0.0015064906868767418,5.49493951216121e-07,1.0619572675349562e-10,1.7418195436495404e-11,9.314258240932244e-23,1.2101097104636238e-14,-7.4331889630088945e-22,0.001994609832763672
Mestizos,004_110.JPG,0.001523707281249126,6.088464861015066e-07,1.2535062114273231e-09,5.217134595331669e-10,3.208246934067083e-19,3.3837288495012186e-13,2.73993770706576e-19,0.0019948482513427734
Mestizos,004_111.JPG,0.001558023275669907,5.624423378580814e-07,4.994576606549106e-10,2.9181030464667147e-10,8.029481450004389e-20,1.753559770880448e-13,7.722412105951033e-20,0.002020120620727539
Mestizos,004_112.JPG,0.0013575232226539816,3.6409779286595685e-07,2.8264510198559277e-10,4.545618258062523e-11,4.230488633829454e-21,2.7241533915707947e-14,2.9411333227448887e-21,0.015622138977050781
Mestizos,004_113.JPG,0.0013195361052171365,2.1353464923319797e-07,2.771561378414375e-10,1.488022537317276e-10,2.525238401136369e-20,6.850082688359539e-14,1.6597892326015396e-20,0.0029914379119873047
Mestizos,004_114.JPG,0.0013822328995001941,1.7898635392169633e-07,8.161111675102909e-11,1.7042946623848989e-10,5.0537973954834936e-21,7.105654807982498e-14,1.9454074098152364e-20,0.002025127410888672
Mestizos,004_115.JPG,0.001602217116670743,7.818354802638421e-07,2.291046585476252e-10,2.9316473509751605e-11,-1.6205577737177067e-22,-2.4582729718217965e-14,-2.3971454962182165e-21,0.0020809173583984375
Mestizos,004_116.JPG,0.0013909970841133072,4.700305563686399e-07,5.309687619477028e-10,1.984562369902874e-10,4.949411572110292e-20,1.2649316254462813e-13,4.1236841576410515e-20,0.0
Mestizos,004_117.JPG,0.0014568566924852578,4.1895417767437824e-07,1.0856844643124788e-09,4.022888587631735e-10,2.193239178972132e-19,2.1427046397249008e-13,1.5026793644120426e-19,0.0
Mestizos,004_118.JPG,0.001660699137224348,8.055982902303067e-07,3.8308875337166286e-10,9.56247014885543e-11,-2.216627981809391e-22,6.041611274394271e-14,1.8300922669142685e-20,0.0
Mestizos,004_119.JPG,0.0013999035481223941,2.54721757423284e-07,3.569949522290418e-10,2.8978257186067943e-10,6.388073163419896e-20,1.412586946702851e-13,6.787070782218187e-20,0.0
Mestizos,004_12.JPG,0.0017135038671186379,8.857183687674434e-07,1.4763050854462458e-10,1.235395122771679e-10,4.808234502102784e-21,7.116776176208439e-14,-1.5975997850276644e-20,0.0019936561584472656
Mestizos,004_120.JPG,0.0016646793636411854,8.40714450816322e-07,1.1703511134537576e-09,2.8668897167995707e-10,8.925292244452305e-20,1.6379307143487204e-13,1.4003945901510484e-19,0.002997875213623047
Mestizos,004_121.JPG,0.001616665274275538,7.705719790404466e-07,5.075063388400921e-10,1.925999117987368e-10,1.6660772961874098e-20,1.4404952547236754e-13,5.786421795273245e-20,0.0021991729736328125
Mestizos,004_122.JPG,0.0016177832673997842,7.722890057651788e-07,2.7999962551808286e-10,4.2847234848756144e-11,-6.735988522733416e-22,2.8290444310294784e-14,4.644541780122753e-21,0.0025403499603271484
Mestizos,004_123.JPG,0.0014951197141745162,4.6784635215846896e-07,1.3688764302807903e-10,4.232773928522832e-12,5.587861171399124e-23,2.870043977333175e-15,-8.519734346192875e-23,0.0
Mestizos,004_124.JPG,0.0013194541081458936,2.820810407553417e-07,4.2020133019217596e-11,6.657916108881162e-11,3.1157979653848813e-21,3.002497394094705e-14,1.6411125897187808e-21,0.002393007278442383
Mestizos,004_125.JPG,0.0015333557629591938,7.472268937139052e-07,1.8064714110826327e-10,4.237247951845203e-11,-8.420066622218362e-22,2.2779199426961143e-14,3.610271759179023e-21,0.0029921531677246094
Mestizos,004_126.JPG,0.0013395282314780346,2.629130883409646e-07,8.068275645278237e-11,8.451593006760328e-12,2.153649007362674e-22,3.5048788449380205e-15,4.8223731655172677e-23,0.0019958019256591797
Mestizos,004_127.jpg,0.0013829447246790783,2.872744585025974e-07,4.440610441724524e-10,1.5598537715135423e-10,3.3235059991266424e-20,8.169621500189843e-14,2.4099734687457238e-20,0.001993894577026367
Mestizos,004_128.JPG,0.0012930816633662185,2.3625398475017998e-07,1.4329242704469403e-10,1.9001662387333136e-12,8.926120744603573e-24,7.891226410237054e-16,-3.0057031238364764e-23,0.0
Mestizos,004_129.JPG,0.0012883530998777362,2.5300886372850675e-07,6.795444578789142e-11,1.1694982034081844e-11,2.5994234584699242e-23,5.843440968527425e-15,-3.2866555640542676e-22,0.001997232437133789
Mestizos,004_13.JPG,0.0015541563968274282,6.912209992828926e-07,2.2176257230448457e-10,1.1282222869457928e-10,1.2073022544216717e-20,8.925807470214237e-14,-1.314210309639709e-20,0.015623331069946289
Mestizos,004_130.JPG,0.0015555723467964545,5.181033756828591e-07,3.385218298883439e-10,5.1155205744838966e-12,2.0898220391360176e-22,-3.657866084306284e-15,-4.0532954485110637e-23,0.0
Mestizos,004_131.jpg,0.001699748582651535,8.38498150759771e-07,3.657083412780398e-10,2.629256978481567e-10,6.948170769842295e-20,2.0854126232171411e-13,-4.2654650690723666e-20,0.0019941329956054688
Mestizos,004_132.jpg,0.0017551626935883048,8.796793793228597e-07,7.605907302183845e-11,1.5569107669895685e-11,-2.439002170334517e-22,-1.218893186171713e-14,-4.770246681775311e-22,0.001985788345336914
Mestizos,004_133.JPG,0.0017554796511579614,9.37438764182343e-07,8.460736071405889e-10,2.583483606763413e-10,6.184867836445316e-20,1.9348812396660114e-13,1.0374841064551525e-19,0.0025649070739746094
Mestizos,004_134.jpg,0.0017456029728276086,9.494430913146858e-07,5.826731532580999e-10,2.478516353887644e-10,5.998941578283143e-20,1.7063779259883238e-13,7.261430831757904e-20,0.001997232437133789
Mestizos,004_135.jpg,0.00176247151144173,9.545840662555023e-07,1.4052313222336714e-10,8.463241811910913e-11,-5.4743653836962776e-21,-4.756381103428992e-15,7.430701967917051e-21,0.0019943714141845703
Mestizos,004_136.JPG,0.0014623059727898232,3.989546249470931e-07,2.7151012002252646e-11,7.147456776945874e-11,3.061725547866049e-21,4.4927385536516874e-14,7.346071492842834e-22,0.001994609832763672
Mestizos,004_137.JPG,0.0014542119649732616,5.087758963107705e-07,1.8022205388831108e-10,1.3509539221385357e-10,2.0292562648311633e-20,8.965947708477019e-14,5.70669448550913e-21,0.0030090808868408203
Mestizos,004_138.JPG,0.0016572947813386849,7.857376684689982e-07,1.3862940706419593e-10,8.549470740624862e-11,7.93910024019293e-21,6.490021234171702e-14,-4.858151227200266e-21,0.0
Mestizos,004_139.JPG,0.001565971418156758,7.313637967525487e-07,2.2268775788675333e-10,9.932409000901257e-11,7.788289204092302e-21,7.794901216247581e-14,-1.2551703260597205e-20,0.001993894577026367
Mestizos,004_14.JPG,0.0016959463290149841,6.596042813347622e-07,7.08902071333216e-11,2.0566546282023213e-11,-7.824823417795828e-22,3.780213221167944e-15,6.64550277739708e-23,0.001993894577026367
Mestizos,004_140.JPG,0.0016497491701802187,6.872435896103914e-07,1.6560910296903158e-09,8.062746111863016e-10,8.233926084500438e-19,5.775620567296368e-13,4.359489199147625e-19,0.0
Mestizos,004_141.JPG,0.0018120737399825193,1.1287898099817964e-06,1.4144331320569016e-09,4.79587409695657e-10,2.9261262501079165e-19,3.963986519718121e-13,2.6532963608955068e-19,0.0029976367950439453
Mestizos,004_142.JPG,0.0014684868405569465,5.476690382119075e-07,2.870101166023897e-10,1.027294789731657e-10,1.555510679189571e-20,7.461011671421995e-14,8.318516713730455e-21,0.001996278762817383
Mestizos,004_143.JPG,0.0017192613027248384,8.778503756712875e-07,4.252639585132113e-10,1.2976674616697616e-10,1.3150864101977303e-20,8.535503316362387e-14,2.7501628132073285e-20,0.001993417739868164
Mestizos,004_144.JPG,0.0018280327580030926,1.1194999523364297e-06,9.601977856372438e-10,3.372529703889027e-10,1.4266193364427652e-19,2.9373799713405245e-13,1.2837369584924712e-19,0.0
Mestizos,004_145.JPG,0.0019696540534733576,1.2292605264555424e-06,8.875029092953859e-10,3.5446256494760776e-10,8.282893997577843e-20,2.7859806018548386e-13,1.8073513466656984e-19,0.002340078353881836
Mestizos,004_146.JPG,0.0018262548522165784,9.791535803385462e-07,5.697460911948702e-10,2.2066279660174753e-10,3.0911427301322117e-20,1.3252615158099357e-13,7.187584197889848e-20,0.0019936561584472656
Mestizos,004_147.JPG,0.0015861018355764755,5.857639075394986e-07,6.598561531043928e-10,2.7420106405788697e-10,5.36233993857112e-20,1.344009682914975e-13,1.0357711869243594e-19,0.002411365509033203
Mestizos,004_148.JPG,0.001684825100289349,8.222461631502533e-07,5.173882962470498e-10,3.8092096246733253e-10,1.609355350005067e-19,3.1721830114893263e-13,5.1930747754655604e-20,0.001995086669921875
Mestizos,004_149.JPG,0.0017959901779448309,1.1190024702563622e-06,2.771346310588383e-10,5.258059529645842e-11,-1.949836963882153e-21,1.2321785961434615e-15,6.040310866015294e-21,0.0025033950805664062
Mestizos,004_15.JPG,0.0019275273053399136,1.041257669648093e-06,4.824595750589559e-12,2.768577235542052e-11,-1.7612500429804828e-22,-2.7673715615869518e-14,2.6713983682829254e-22,0.0
Mestizos,004_150.JPG,0.0017937091094090275,1.0211991398364078e-06,9.685394781557551e-10,2.917333121890617e-10,4.8814894626564117e-20,1.6834233189385537e-13,1.471900422176473e-19,0.002025127410888672
Mestizos,004_151.JPG,0.0017876784935519897,8.445625064460509e-07,9.964023472414014e-10,2.835215773740733e-10,9.441697422684548e-20,2.243419107789729e-13,1.1744861753605455e-19,0.001993417739868164
Mestizos,004_152.JPG,0.001511240203800791,5.098769758575355e-07,1.1078661290508268e-12,3.795175963776122e-12,4.981179496354322e-24,2.3021724281919174e-15,-5.978917630065289e-24,0.0033957958221435547
Mestizos,004_153.JPG,0.0016413245111735048,8.633691290353285e-07,3.4467470195244316e-10,4.662519802997565e-11,3.931161263609907e-21,3.962487527631219e-14,4.413823082442757e-21,0.0019927024841308594
Mestizos,004_154.JPG,0.0017869582474337815,1.091293624373504e-06,5.8816926681135934e-12,6.936098110516337e-11,-7.826021452689032e-22,2.4470586005783974e-15,-1.1619841500418936e-21,0.0
Mestizos,004_155.jpg,0.0017586294211649537,1.097343520203586e-06,6.048871470791061e-11,8.01718943375784e-11,-4.5612903474459645e-21,-7.87806448230381e-15,-3.219459080791752e-21,0.0019941329956054688
Mestizos,004_156.JPG,0.0016011470722477848,7.263046817602291e-07,4.848637325645544e-11,7.102400708064697e-12,-1.1929469432819622e-22,-3.8980700792555455e-15,-5.603741263395681e-23,0.0
Mestizos,004_157.JPG,0.001745363628102627,6.775639892626848e-07,7.691262199280537e-10,4.5995836798713793e-10,1.7713166707102807e-19,3.1953490759593626e-13,2.084891307335631e-19,0.0
Mestizos,004_158.JPG,0.0015078389659573446,5.897139986251589e-07,6.09405650921354e-12,8.462024116302524e-12,2.340624694107842e-24,-6.051528656316565e-15,-6.072146132209277e-23,0.0
Mestizos,004_159.JPG,0.0016226518992012158,7.921431527265263e-07,2.1943538476417555e-10,7.23968746566518e-11,3.883584220741802e-22,3.7586205377799475e-14,9.116735901492298e-21,0.0
Mestizos,004_16.JPG,0.0015185350690521521,5.923107360514611e-07,2.672065213464687e-10,1.8853123278222395e-10,3.7864804662496927e-20,1.4171069665087836e-13,1.8890472479818718e-20,0.0
Mestizos,004_160.JPG,0.0017686327368711605,9.297257396604344e-07,1.7917770252734925e-10,1.0965985321150703e-10,3.45336377867172e-21,1.0081529228892702e-13,-1.4978460163172378e-20,0.0
Mestizos,004_161.JPG,0.0017326753784549511,8.19883153042462e-07,3.7626461582724795e-11,4.924381610276105e-12,4.549872285316776e-23,-2.775649032084865e-15,4.922388663482787e-23,0.015617847442626953
Mestizos,004_162.JPG,0.0016941728742495433,7.014931027415303e-07,1.923496616413134e-10,7.925299185710347e-11,-8.207608985558958e-22,6.112806005949181e-14,-9.750706267317528e-21,0.015622615814208984
Mestizos,004_163.JPG,0.0015743849803110555,5.546763413372851e-07,1.2404541575814166e-10,1.0882423366359222e-12,-4.262152050435811e-24,-2.7634056979983465e-16,1.1903806049582017e-23,0.0019936561584472656
Mestizos,004_164.JPG,0.00176600742617524,7.628958894733171e-07,4.838066932268402e-10,2.467539145046022e-10,8.327270995025461e-20,1.8460973758092494e-13,1.8288729748745954e-20,0.0019936561584472656
Mestizos,004_165.JPG,0.00141106652197379,3.764419290433938e-07,1.7615580581011757e-10,1.315436993333279e-11,5.932247628838357e-22,4.31147368607539e-15,2.214723022104871e-22,0.0
Mestizos,004_166.JPG,0.0013344044387243108,4.1141430111339853e-07,2.3007409028293026e-10,5.084542846435549e-11,4.948964869393049e-21,3.252419794245634e-14,-2.3980508155008215e-21,0.0
Mestizos,004_167.JPG,0.0013844040995703501,3.7800468125303353e-07,6.286535784698466e-11,2.3265562643679927e-11,8.171677866309376e-22,1.3309412492474979e-14,-3.520244016465074e-22,0.0019936561584472656
Mestizos,004_168.JPG,0.001459768979656273,1.7689418985533873e-07,2.381862852600356e-10,2.383466066936982e-10,1.9311462698755846e-20,8.412335518457713e-14,5.340572082691452e-20,0.0
Mestizos,004_169.JPG,0.0016433301660371945,4.849139977417196e-07,3.4678832067885137e-10,3.507016681348663e-11,1.5812118837122868e-21,-1.7025065091978318e-15,3.529578092655411e-21,0.008004188537597656
Mestizos,004_17.JPG,0.001468944218312246,3.4799538090267705e-07,5.809461434351784e-10,3.7715001276740137e-10,1.5215504250761444e-19,2.0997600030234246e-13,8.952452831005919e-20,0.0
Mestizos,004_170.JPG,0.0015722970400477878,4.981179012939523e-07,8.84185590198783e-11,9.650714966049322e-11,8.909426357868555e-21,6.109885798411494e-14,-3.090977748067932e-22,0.015654563903808594
Mestizos,004_171.JPG,0.0014555228323049735,5.932252272697056e-07,7.101254282638444e-11,4.170576302106568e-12,7.17434630432644e-23,2.2066111540168675e-15,2.061998023635676e-24,0.0
Mestizos,004_172.JPG,0.0015560766224702012,4.2201118386183856e-07,3.4603093584197316e-10,6.57602934280188e-11,8.969393689299584e-21,3.9315068221376037e-14,-4.2370369242796835e-21,0.001994609832763672
Mestizos,004_173.JPG,0.0013394589958275142,3.7671507306680705e-07,5.852828287974142e-11,1.1597286666077746e-11,2.6666153862650567e-22,6.451303885851103e-15,-1.4207073705071608e-22,0.0019843578338623047
Mestizos,004_174.JPG,0.001378434225936503,2.817826887785829e-07,2.2313005942382914e-11,3.362438923075005e-11,9.173679025172234e-22,1.5825749402648035e-14,-8.173801854283346e-23,0.001994609832763672
Mestizos,004_175.JPG,0.00133656040991331,1.7830487232867588e-07,7.790100861889218e-11,1.3476540573911384e-10,1.3712522903487006e-20,5.442882839439248e-14,1.6232536219385858e-21,0.0
Mestizos,004_176.JPG,0.0013118751922396722,3.2636535686994404e-07,2.1888272448420405e-10,7.872017192581627e-11,9.60502090015182e-21,4.494033749402086e-14,-3.8103248362674505e-21,0.0018916130065917969
Mestizos,004_177.JPG,0.0015507141681306005,3.7300547857166607e-07,3.177591096065983e-11,4.779212744549186e-11,-6.282012673512462e-22,2.4888560361149625e-14,-1.7533014688209376e-21,0.0019941329956054688
Mestizos,004_178.JPG,0.0013318350175030508,3.484331695218021e-07,2.683199897082835e-10,1.3783645497877037e-10,2.5070227668448482e-20,8.014665384805236e-14,-8.610680429472824e-21,0.0019927024841308594
Mestizos,004_179.JPG,0.0013231648394156769,2.7286640177321895e-07,4.181679383790389e-10,1.936352822489547e-10,5.444167441977021e-20,1.0091075765043689e-13,-8.492418131770018e-21,0.001965045928955078
Mestizos,004_18.JPG,0.001622865197914377,3.098571494931917e-07,1.2497482058469789e-09,1.0698859490367778e-09,9.726397778151671e-19,5.017099952495112e-13,7.645113741528582e-19,0.001994609832763672
Mestizos,004_180.JPG,0.0013800340139889144,4.863666506820881e-07,1.6457511899768032e-10,7.287751634114609e-11,7.924184723303887e-21,4.9914580105338e-14,-9.529395537619685e-22,0.0
Mestizos,004_181.JPG,0.001692838200830537,8.932310680044314e-07,2.1681459622619568e-10,7.476740385094393e-11,-4.0102204635141756e-21,-1.1334016904805136e-14,8.633563332086588e-21,0.0025038719177246094
Mestizos,004_182.JPG,0.0013644164223962701,2.6693108261576127e-07,3.5499290839397266e-10,1.7034461401932184e-10,3.371669873125392e-20,6.302288271277717e-14,2.485744137475889e-20,0.0010344982147216797
Mestizos,004_183.JPG,0.0012722077010148482,1.4790630947532753e-07,2.2367637990703302e-10,1.5000017353605555e-10,2.7399256557482565e-20,5.294516096834396e-14,-2.0472279699370703e-21,0.001993894577026367
Mestizos,004_184.JPG,0.0013590910018270465,2.1844241173821886e-07,1.480561490324488e-10,1.5164323666528636e-10,2.2322799573676578e-20,7.065327900431501e-14,4.240854241594976e-21,0.0
Mestizos,004_185.JPG,0.0013149664291902808,2.1353859473854491e-07,1.8203549425265797e-10,1.6910195183375583e-10,2.9658747709504757e-20,7.813684810004846e-14,-7.7484445444781e-22,0.0029959678649902344
Mestizos,004_186.JPG,0.0014677659845549066,2.9020795381634133e-07,4.251353608670975e-10,3.0348629092096585e-10,1.0792880793367978e-19,1.632453879770153e-13,-1.5325630343899488e-20,0.0
Mestizos,004_187.JPG,0.0014469835147523935,4.953478092690286e-07,4.114374972848445e-10,1.2142076796094269e-10,2.6037386688654214e-20,8.476101563702758e-14,-7.653203813833488e-21,0.0
Mestizos,004_188.JPG,0.0014769578406009943,7.217591546559785e-07,7.965103902885597e-12,1.1856537076092396e-11,1.0997830315688393e-22,-1.007163183856291e-14,3.4361393500035947e-23,0.0029900074005126953
Mestizos,004_189.JPG,0.0016879695338002103,9.356643035794309e-07,6.584956240675379e-11,1.2698006524913227e-12,-3.872095784605842e-24,-7.748767887116735e-16,1.0946620073849597e-23,0.015618085861206055
Mestizos,004_19.JPG,0.0015506060636913113,3.8144379006280187e-07,1.2656842692927626e-09,8.008134367465519e-10,5.936759720880879e-19,4.467709456357455e-13,5.454887171430115e-19,0.015648365020751953
Mestizos,004_190.JPG,0.0013741644535732447,4.1282981424857096e-07,2.297088864403695e-12,2.3268404815634056e-12,-3.888209320014512e-24,6.7213992889478085e-16,3.7175846685173036e-24,0.001992940902709961
Mestizos,004_191.JPG,0.001677153242734922,6.862152954034016e-07,3.564938587382655e-11,3.9026278726587266e-11,-1.0943426904953813e-21,-5.411452298464622e-15,-9.598841540484349e-22,0.0
Mestizos,004_192.JPG,0.0013295462487744748,3.893141933609035e-07,1.7833132496787383e-11,1.1849580528082211e-11,1.3876386850352432e-22,6.7161363945566856e-15,1.0205825903781813e-22,0.001994609832763672
Mestizos,004_193.JPG,0.0013488457657615273,1.9197513628326162e-07,2.613491632476899e-11,1.1982098004829033e-11,7.311995434634242e-23,4.2403315213781666e-15,1.9902962205621062e-22,0.0
Mestizos,004_194.JPG,0.0015625906824657278,6.543267632663724e-07,3.746428552280389e-11,4.34477207690514e-13,-1.6440939230325707e-25,3.2771195203775773e-16,-1.745181209666605e-24,0.0
Mestizos,004_195.JPG,0.0014522220121636134,5.511899104913055e-07,1.621374082296675e-10,1.1267927499469489e-11,-2.1205024137683225e-22,7.117495205633466e-15,4.324302271369545e-22,0.0019898414611816406
Mestizos,004_196.JPG,0.00126716382978126,3.317762857329349e-07,4.5412737786663114e-11,6.661768373933894e-12,-2.7447893068590347e-23,-1.5060248296077808e-15,-1.1257265052324014e-22,0.0
Mestizos,004_197.JPG,0.0013891343770555031,4.817623142902514e-07,5.7740519435022196e-11,2.2231641177474438e-11,5.2628830857418695e-22,1.4065314101833153e-14,-5.978858472253528e-22,0.001993894577026367
Mestizos,004_198.JPG,0.0014020427604137,4.2135955328506966e-07,1.4014101915319578e-10,6.886187984282513e-11,5.04011183752202e-21,4.042695670354849e-14,-4.5120888448062124e-21,0.0
Mestizos,004_199.JPG,0.0016589839700861925,8.247398514867327e-07,2.1868909720154962e-10,6.461379951495058e-11,6.888310151388993e-21,5.814128081132996e-14,-3.397722966860578e-21,0.0030183792114257812
Mestizos,004_2.JPG,0.0016269634281503023,9.140203027881601e-07,1.943166311983046e-09,5.76701529707074e-10,5.561439383215581e-19,4.570530390469561e-13,2.5180797885245044e-19,0.01562190055847168
Mestizos,004_20.JPG,0.001818789331206807,1.0956884339966704e-06,7.751541437847545e-10,2.119804881544009e-10,2.832795054425659e-20,1.3363443347643613e-13,8.112494077304482e-20,0.0
Mestizos,004_200.JPG,0.001221722705068313,1.9787594947964007e-07,4.8151105900327756e-11,5.105273050526392e-11,2.484108949244631e-21,2.1964260605786486e-14,-4.861354093874987e-22,0.0
Mestizos,004_201.JPG,0.0013036171585985796,2.004261391836559e-07,2.112419762862384e-10,1.6497937352515865e-10,2.2365228614792177e-20,6.81745839654392e-14,-2.1174656638574962e-20,0.0
Mestizos,004_202.JPG,0.0013753003896684016,2.94013523845968e-07,3.487499594252783e-10,2.1090892740493102e-10,5.0643044747852996e-20,1.1183216656359857e-13,-2.6592757186267338e-20,0.0020961761474609375
Mestizos,004_203.JPG,0.0014374140752434744,2.868738660514259e-07,2.759443736990668e-10,2.0703227005186478e-10,8.399657657371554e-21,8.257385286062158e-14,-4.8766241235302766e-20,0.0
Mestizos,004_204.JPG,0.0015815490534913977,4.77628597753329e-07,8.085525736754883e-10,3.028271901715417e-10,6.656509648465604e-20,1.4021707641900768e-13,-1.3424993031134328e-19,0.0
Mestizos,004_205.JPG,0.0013894275839929466,2.7777193164911353e-07,4.4308661486388126e-10,2.6292336695571786e-10,8.384992927607927e-20,1.306017841091758e-13,-3.197705689947404e-20,0.0
Mestizos,004_206.JPG,0.0013602013144923574,2.409000427210701e-07,1.1132705327919738e-10,9.697491604956426e-11,8.191302701346362e-21,4.266230607819839e-14,-5.86761890445172e-21,0.0
Mestizos,004_207.JPG,0.0016250306504995012,6.025114142265434e-07,6.976672003774358e-10,3.4553938437128724e-10,1.299046574227749e-19,2.1871827365381214e-13,-1.0912426693479976e-19,0.0019931793212890625
Mestizos,004_208.JPG,0.0012961083282054162,1.693453916679561e-07,1.682888565724792e-10,1.6350559819915792e-10,2.7005689172094388e-20,6.721790810436409e-14,2.5124220346106238e-21,0.0020279884338378906
Mestizos,004_209.JPG,0.0014184075850125334,2.8692428845678107e-07,8.253214909509136e-11,7.489124783866693e-11,2.497552377395414e-21,3.887617908109646e-14,5.331907692463998e-21,0.001996755599975586
Mestizos,004_21.JPG,0.0018480682536228359,1.4570693162084096e-06,2.0032902949044495e-10,4.136738945618124e-11,-3.579475649106016e-21,-4.9429436266252614e-14,-1.169925430978977e-21,0.001999378204345703
Mestizos,004_210.JPG,0.0015008884070798426,2.972255967504001e-07,1.6911729084873338e-10,1.696338229502049e-10,4.0407644362158456e-21,5.2634517352519055e-14,-2.844622944407391e-20,0.0
Mestizos,004_211.JPG,0.0012886935012183264,2.7692047773876155e-07,9.66462720467288e-11,2.9724698001615936e-11,1.3952918538845259e-21,1.3820882450039087e-14,7.690439216795083e-22,0.0019931793212890625
Mestizos,004_212.JPG,0.0014352209156002433,3.2581608751342964e-07,3.4254706208382715e-10,2.167595413337458e-10,5.888953732370868e-20,1.1891045111158567e-13,4.544495829550657e-21,0.001995086669921875
Mestizos,004_213.JPG,0.001320535020677627,2.7144782991093515e-07,1.0070727208725395e-09,5.16242389592282e-10,3.157196728579724e-19,1.907400295188054e-13,-1.9716989083625674e-19,0.0023157596588134766
Mestizos,004_214.JPG,0.0015726897005058282,2.8964924796358253e-07,3.142183441462193e-10,8.068581206770285e-10,4.0590379759857934e-19,4.290860436992382e-13,1.717465710748183e-20,0.0
Mestizos,004_215.JPG,0.0016561301293889375,5.444912955347801e-07,7.367818203110102e-10,9.110093821109896e-10,7.461006492333224e-19,6.720713822349778e-13,-2.0021098617888837e-20,0.0
Mestizos,004_216.JPG,0.0016847496187262,4.864903591353371e-07,1.264974057794465e-09,8.676733721682759e-10,7.568008937418451e-19,5.531594000334362e-13,-5.035638232346451e-19,0.0
Mestizos,004_217.JPG,0.0015619818883201538,3.364774658712884e-07,8.65152928347488e-10,9.562792827593933e-10,8.075116660232005e-19,5.06475744483213e-13,-3.232513535381944e-19,0.0
Mestizos,004_218.JPG,0.0015464420274264035,5.962750803081052e-07,2.4540020611175827e-09,1.2103971238997844e-09,2.0040581371890525e-18,8.151436498460304e-13,-5.791780536407195e-19,0.0
Mestizos,004_219.JPG,0.0014477901124385763,8.317014342030524e-08,1.0025955228117837e-10,5.26064215230584e-10,8.181010520491726e-20,1.4867451356140234e-13,-8.890096663988136e-20,0.0
Mestizos,004_22.JPG,0.001873570156071962,8.534174170969549e-07,9.207343271523466e-10,4.0635135140539833e-10,1.279650273123105e-19,2.7319454790945077e-13,2.1308155867710797e-19,0.0
Mestizos,004_220.JPG,0.0015902415797891464,4.586602732753843e-07,1.2177969205859925e-09,8.632577959831253e-10,7.538131374445263e-19,5.120603731832596e-13,-4.638845766223282e-19,0.0
Mestizos,004_221.JPG,0.001707753106614895,6.67412851963563e-07,7.30258352260892e-10,8.012812848150116e-10,4.608035996901722e-19,4.675389530219507e-13,-4.0416788841637497e-19,0.0019941329956054688
Mestizos,004_222.JPG,0.0016279285068543535,3.0928077098752073e-07,6.954237459144696e-10,9.308743792476449e-10,6.147188282838682e-19,4.931238017274132e-13,-4.278655722220898e-19,0.00099945068359375
Mestizos,004_223.JPG,0.0013787098168317217,4.430854062925538e-07,5.979624605174675e-12,2.986230495029477e-12,9.970995758480611e-24,1.4265071872379484e-15,-7.734094077240933e-24,0.0
Mestizos,004_224.JPG,0.001457544973879365,2.7921252045986933e-07,1.339290939724989e-09,1.0785741516610606e-09,1.1842343803243483e-18,4.961323024240963e-13,-5.272916236426584e-19,0.0
Mestizos,004_225.JPG,0.001503043150847887,2.458103845606016e-07,1.2126786368236419e-09,1.056138160375359e-09,1.0515112375785594e-18,4.692916571598944e-13,-5.68256269891012e-19,0.0
Mestizos,004_226.JPG,0.001493493188981718,3.0223835552511686e-07,1.0280017740939745e-09,9.010289924434208e-10,7.800286884339151e-19,4.5439611543424525e-13,-3.788693010194833e-19,0.0
Mestizos,004_227.JPG,0.00173139139256964,1.1486088091223814e-06,8.820247586595242e-10,3.1187479581812426e-10,1.4939747155373584e-19,2.8491460945575086e-13,-6.660646858925129e-20,0.0
Mestizos,004_228.JPG,0.0016157995130870323,6.541361226194261e-07,2.065794285764071e-09,1.0554567281084314e-09,1.43093642848926e-18,7.267401367755016e-13,-6.175061640471402e-19,0.0
Mestizos,004_229.JPG,0.001482666052903135,5.380059308371031e-07,5.078338105831212e-11,2.6720459727278927e-11,8.126106961477172e-22,1.6212496670457853e-14,-5.554339031785823e-22,0.0
Mestizos,004_23.JPG,0.001691074917149569,7.575989102528096e-07,1.8552423981646079e-09,9.233158463643043e-10,1.139547373335779e-18,7.685233645834717e-13,4.021983793090446e-19,0.0
Mestizos,004_230.JPG,0.0015375285878401446,6.206049369226823e-07,2.6578212329162394e-11,7.318796806460252e-12,-2.8556639934969366e-23,-4.734976571531632e-16,-9.799984340903829e-23,0.0
Mestizos,004_231.JPG,0.0018020504624456928,9.289167803076293e-07,2.516337774052623e-10,6.06651632411129e-11,-3.2013806824975876e-21,3.247642396865726e-14,6.777303972108924e-21,0.0
Mestizos,004_232.JPG,0.001385402730246488,4.587082609919647e-07,2.621910755975499e-11,5.0130712252992646e-12,5.271622784021511e-23,3.3205978550856943e-15,-2.2894512688009377e-23,0.0029926300048828125
Mestizos,004_233.JPG,0.001396772223421487,5.278852421617728e-07,4.0891545238375895e-11,1.2876304662036492e-11,2.688059947540869e-22,8.607819957369869e-15,-1.2264555480600132e-22,0.0010762214660644531
Mestizos,004_234.JPG,0.0015576745615664277,6.835827899698297e-07,3.644099279370707e-11,7.197311448118094e-12,3.0454070453351594e-23,1.1047883181421961e-15,-1.1251153772518452e-22,0.0019941329956054688
Mestizos,004_235.JPG,0.002383345342243382,2.061614969634896e-06,4.847402550109358e-10,1.4207689135331803e-10,-3.7210929808260795e-20,-1.810332544097654e-13,2.3565986586993094e-21,0.0
Mestizos,004_236.JPG,0.0016017403394667912,7.492774146775299e-07,4.2026788832671654e-11,8.317027120967629e-12,-7.275505173941637e-23,-5.88146585597382e-16,-1.3742368652601806e-22,0.0
Mestizos,004_237.JPG,0.0015590799175749543,7.488977982475655e-07,4.486618660886955e-12,3.866233679956086e-12,-1.4392855045741942e-23,-2.710288581338915e-15,-7.220411654645699e-24,0.001993417739868164
Mestizos,004_238.JPG,0.0017863492583773287,9.547008073405113e-07,6.625578584582435e-11,1.9704541044110816e-11,3.7724790101901664e-22,8.174818960299975e-15,-6.038084071649085e-22,0.0019936561584472656
Mestizos,004_239.JPG,0.001878838437964417,1.1513543268446232e-06,2.583810861911573e-11,8.288341624700769e-13,2.047559774386556e-24,7.752246962385826e-16,3.2433355835605918e-24,0.0025742053985595703
Mestizos,004_24.JPG,0.0018563821569094641,1.015530573181177e-06,4.533781109465282e-10,9.839347575299622e-11,-1.6865726968963975e-20,-8.502332831170228e-16,1.2141813574211795e-20,0.0029802322387695312
Mestizos,004_240.JPG,0.0014047704086211762,4.962917081612296e-07,2.2293124431427453e-11,4.907642659433237e-12,2.089148967004549e-23,1.864758865968878e-15,-4.68892417194921e-23,0.0029914379119873047
Mestizos,004_241.JPG,0.0014435435905592441,5.320975904118655e-07,3.3375860521727447e-11,2.0504615897855963e-11,4.504857830593399e-22,1.331730591257324e-14,-2.911941688463244e-22,0.0
Mestizos,004_242.JPG,0.0012315192317425524,4.3876698000110345e-08,3.112213382203614e-10,2.4491884680927007e-10,1.640663012865578e-20,5.1150503392807494e-14,6.559829124001536e-20,0.0019931793212890625
Mestizos,004_243.JPG,0.0016776492177247486,7.498210733325025e-07,2.589045330964595e-11,1.1405085750355314e-11,-4.1167666609416024e-23,1.9109368998307515e-15,-1.916100945096478e-22,0.0
Mestizos,004_244.JPG,0.0014885544773011567,5.495534338808252e-07,2.9040975296404716e-11,9.891453369892102e-12,-6.550262787518737e-23,-2.667094424977309e-17,-1.5432083152158732e-22,0.0
Mestizos,004_245.JPG,0.0014961552479714915,3.1002603676089245e-07,1.3903865368167332e-10,4.057934646763956e-11,2.3974046038353443e-21,2.220352307864683e-14,1.8823388542888997e-21,0.01677417755126953
Mestizos,004_246.JPG,0.0019296557040570316,1.0969588638400562e-06,5.952173757127249e-10,2.668663960970707e-10,7.85415034404336e-20,2.0809897545397497e-13,7.171957802847558e-20,0.0
Mestizos,004_247.JPG,0.0019040460717996718,9.6066065748624e-07,2.0751986309354808e-10,1.5614452087526694e-10,-6.736366071993018e-21,1.1975599673876717e-14,2.7288178928606236e-20,0.0
Mestizos,004_248.JPG,0.001572401234189958,4.539772433657782e-07,2.1321650078750224e-10,1.0605521461097306e-10,1.751067084200931e-22,2.894352602891825e-14,-1.594712015745285e-20,0.0
Mestizos,004_249.JPG,0.0018060137758652147,7.008044027953959e-07,1.6678576169827387e-10,7.902636289700881e-11,2.6553002874497954e-21,5.2805129563776925e-14,8.675460634757223e-21,0.0
Mestizos,004_25.JPG,0.0015784091915079163,6.098451847235797e-07,4.436931297958966e-10,2.858951319111568e-10,7.220380168903164e-20,2.019594666492657e-13,7.179694935000218e-20,0.001992464065551758
Mestizos,004_250.JPG,0.0013324120654213396,1.63587663069608e-07,8.059717409923449e-11,5.803434669792172e-11,3.6697880048102885e-21,2.062587506506814e-14,1.5119806633803081e-21,0.0019943714141845703
Mestizos,004_251.JPG,0.0016854291195421188,6.522865078839383e-07,5.613059431512545e-10,2.528026152576621e-10,6.965230808988745e-20,1.7697154703568323e-13,6.494028954111936e-20,0.0
Mestizos,004_252.JPG,0.0013614273155403266,1.598355262886538e-07,2.410297718560702e-10,9.306668737045619e-11,-5.063741054430033e-21,2.0913107510072755e-14,1.2986526581400578e-20,0.0
Mestizos,004_253.JPG,0.0016659139110639124,5.127038975716308e-07,1.593574564360902e-11,8.077099260256432e-11,-1.0624351188611613e-21,4.760635225443743e-14,-2.6960177856536845e-21,0.0019943714141845703
Mestizos,004_254.JPG,0.0014829984618941897,3.130652320179126e-07,4.3144486864618145e-10,2.752789830565551e-10,8.900213579747956e-20,1.5261296504684373e-13,3.284296776681116e-20,0.0
Mestizos,004_255.JPG,0.001503515296758836,3.220090147715655e-07,7.889539169089424e-12,6.670853464375997e-12,4.184198557591367e-23,-3.713017966345893e-15,2.4316588963585445e-23,0.0
Mestizos,004_256.JPG,0.0014597682921719032,2.7802771187715764e-07,7.0591593410931134e-12,2.055468290777617e-12,3.0927806508248203e-24,1.0570920584303932e-15,-7.192928204280555e-24,0.001995563507080078
Mestizos,004_257.JPG,0.0016887078336176036,8.559342308487557e-07,4.4786874120486313e-11,2.8160443649353344e-11,8.085026297085493e-22,1.6385472408498936e-14,-5.886279961769906e-22,0.0
Mestizos,004_258.JPG,0.001979619456207049,1.177647775472033e-06,5.875314441912629e-11,5.527719898279862e-11,-1.1990983652373799e-21,1.810645497106158e-14,-2.9130331178099248e-21,0.001993417739868164
Mestizos,004_259.JPG,0.0017966799720196172,1.0758965373049109e-06,3.951527477770568e-11,1.933974324353356e-11,2.806035176284673e-22,6.62291999280792e-15,-4.55079984956216e-22,0.0019130706787109375
Mestizos,004_26.JPG,0.0012648115917398902,1.6030507948286365e-07,2.6667175639503724e-10,1.3545600116886502e-10,1.6238372428872216e-20,5.093873348047192e-14,1.9977459557150957e-20,0.0
Mestizos,004_260.JPG,0.002297965625083779,2.2809589361338994e-06,1.8524662783287547e-10,9.110493096463128e-11,8.306000597460772e-21,6.14214284714199e-14,8.431506306682806e-21,0.0
Mestizos,004_261.JPG,0.0015597313848574046,6.544392077939139e-07,1.1536146250109445e-10,9.044793013459642e-12,2.876470085837764e-22,7.317001103425274e-15,-5.118241547710412e-23,0.0019948482513427734
Mestizos,004_262.JPG,0.0013278883952919935,3.666170642075103e-07,9.119799513412476e-12,9.219013984918687e-12,-5.426095167221267e-23,5.3779044941989615e-15,6.481781626134662e-23,0.001975536346435547
Mestizos,004_263.JPG,0.0014790975818100894,4.5284576545762546e-07,1.0612242466826553e-09,4.3269514275548806e-10,2.455669342027439e-19,2.3125787939760586e-13,-1.6021275678950215e-19,0.002296924591064453
Mestizos,004_264.JPG,0.001186593308699003,3.045024985476411e-08,2.6434887603373168e-11,1.9475713873802302e-10,1.1242551725238568e-20,3.209193143026796e-14,-8.299696801739827e-21,0.001998424530029297
Mestizos,004_265.JPG,0.0012453542823474245,4.6417611486718424e-08,4.3975417412815274e-11,2.274548448750966e-10,1.7998559671529233e-20,4.69879021655187e-14,-1.3911657164389237e-20,0.0
Mestizos,004_266.JPG,0.0018899422151514244,8.696099392072516e-07,1.1838192833070573e-10,8.112874609419706e-11,7.6962992131324e-21,3.994658392106552e-14,-1.995108675863143e-21,0.0029914379119873047
Mestizos,004_267.JPG,0.0013670154029740448,3.331626846973697e-07,1.3641214590537207e-10,1.2214199304852478e-10,1.5488522710773696e-20,6.718415027812313e-14,-2.9453834895438158e-21,0.0
Mestizos,004_268.JPG,0.0017557647794199142,7.238679749426468e-07,2.7287492494964443e-10,2.215132568137741e-10,5.1919686449564275e-20,1.7517587815782516e-13,1.644047236526543e-20,0.0026683807373046875
Mestizos,004_269.JPG,0.002100416417082635,1.2000343227087412e-06,3.804355883105034e-11,2.551043351034891e-11,3.7150894169437542e-22,1.5541008664466206e-14,7.025455468808394e-22,0.0028350353240966797
Mestizos,004_27.JPG,0.0015316420082853901,5.761638511417175e-07,6.30816648655581e-11,7.482608851023571e-12,1.5482226970517609e-22,5.351516465600849e-15,4.957763406201259e-23,0.0025284290313720703
Mestizos,004_270.JPG,0.001712539142090411,7.689109196839372e-07,1.4666545103617195e-10,6.565982461410875e-11,5.7713381296980245e-21,5.181793576597632e-14,2.865092152638197e-21,0.0029914379119873047
Mestizos,004_271.JPG,0.0013778268872163307,3.9913331130023527e-07,2.6790250896872724e-10,9.188965527906103e-11,1.1880080279017449e-20,5.639993289067443e-14,-8.16862488818063e-21,0.0
Mestizos,004_272.JPG,0.0016596410448915652,4.910234529113922e-07,1.0266109285724156e-09,1.0867701072336287e-09,1.0159922128983624e-18,6.747049875015009e-13,-5.342911884923931e-19,0.013042211532592773
Mestizos,004_273.JPG,0.0016104351059847925,4.38811664591212e-07,6.524147141745928e-10,5.462929271844114e-10,2.2803202972890527e-19,3.0884056441563443e-13,-2.3316693297888225e-19,0.001995086669921875
Mestizos,004_274.JPG,0.001724134089431338,3.988027301696761e-07,6.695002265334159e-10,9.452981191221469e-10,6.804667461695921e-19,5.765484220777198e-13,-3.201513867679042e-19,0.002991914749145508
Mestizos,004_275.JPG,0.001509864594572303,1.8840545381272618e-07,7.338425967686653e-10,1.1568521820365151e-09,1.0013996599669621e-18,4.890411898465851e-13,-3.6517250310582467e-19,0.0
Mestizos,004_276.JPG,0.0018246242698771098,5.16317743746579e-07,7.962617872956753e-10,7.05818628230417e-10,3.9423632689575143e-19,4.594258395107013e-13,-3.529348578999073e-19,0.0019884109497070312
Mestizos,004_277.JPG,0.001704621570150985,3.4632689737033104e-07,9.057623380142703e-10,9.115870911820462e-10,7.472207229629286e-19,5.226903719584675e-13,-3.5748413033859164e-19,0.002061605453491211
Mestizos,004_278.JPG,0.0016511954813629654,3.4985760528981204e-07,8.348723745535168e-10,1.0146141389249813e-09,6.784932494316064e-19,5.235939879061132e-13,-6.416070699073236e-19,0.001992940902709961
Mestizos,004_279.JPG,0.001904735705286834,1.05696416345048e-06,2.318969220850257e-10,7.081723446111977e-11,-7.067740478173768e-21,-3.510734575796151e-14,-5.6926441791062354e-21,0.0
Mestizos,004_28.JPG,0.0018285796827105698,7.225917952086315e-07,5.440869026987301e-10,8.4428220977847e-10,5.280883699638901e-19,6.833241349121878e-13,-2.203684692759197e-19,0.0
Mestizos,004_280.JPG,0.0017264939477833663,9.627729244132379e-07,4.3132820699386475e-10,4.350167868963175e-10,1.8737524813294167e-19,4.265410269402055e-13,-1.9962256253723988e-20,0.001993417739868164
Mestizos,004_29.JPG,0.001818777434247886,1.174883936432429e-06,1.3303069648422395e-10,9.538027331850625e-12,-2.21493044996198e-22,-9.566522739900608e-15,-2.576299383157496e-22,0.0009963512420654297
Mestizos,004_3.JPG,0.0017629881011936598,1.0691206517934775e-06,1.6673476537527812e-09,6.040901897382189e-10,4.952455030345507e-19,4.970602012258068e-13,3.4970653155839868e-19,0.0019943714141845703
Mestizos,004_30.JPG,0.0016817055420257998,9.565304457153707e-07,8.612487563893876e-10,2.855055872751244e-10,1.3029836612911804e-19,2.5355879835178133e-13,5.536952419896555e-20,0.0
Mestizos,004_31.JPG,0.0018739176549785865,1.0410324715579637e-06,4.159597050034822e-11,4.823045320385868e-11,-1.988999768343075e-21,-4.020891409308806e-14,-8.429934892583686e-22,0.0
Mestizos,004_32.JPG,0.0017287038251842996,9.97384546177352e-07,3.6099953915182364e-10,1.1628511742359367e-10,1.235234169519051e-20,9.171484903825175e-14,-2.037320740040197e-20,0.001994609832763672
Mestizos,004_33.JPG,0.0018242326231074774,7.241030055242256e-07,6.153655183623295e-10,8.319390432827564e-10,5.946511482321636e-19,7.045734463559876e-13,-2.682926977854935e-20,0.0
Mestizos,004_34.JPG,0.0014251745340930217,3.056274698051737e-07,2.4017722305166572e-11,7.342791003222155e-12,-2.1249812257383924e-23,3.5577343415231606e-15,9.51683662916214e-23,0.0
Mestizos,004_35.JPG,0.0013919025036171783,4.7052024557350875e-07,2.190798209058879e-11,1.2522536741455969e-11,2.0738659955596136e-22,8.135015294890083e-15,3.417809962119904e-24,0.0
Mestizos,004_36.JPG,0.0018779815278560583,9.39790174273686e-07,7.110068882225562e-10,2.661974176512736e-10,3.662714641306381e-20,1.554926601564743e-13,1.098644538859574e-19,0.0
Mestizos,004_37.JPG,0.0012766801835290545,1.9192594704787665e-07,3.913748314054067e-11,3.0246663334551155e-11,5.177732117405059e-22,1.2983590689568672e-14,-9.027198104019235e-22,0.0
Mestizos,004_38.JPG,0.0017199095963320904,8.683299228525634e-07,2.059348676527794e-09,9.32624729204787e-10,1.132696337221239e-18,7.304155854481832e-13,6.225071146916063e-19,0.0
Mestizos,004_39.JPG,0.0016927211067742152,6.46078426563249e-07,1.051249339258061e-09,6.465259600127331e-10,4.422398397657167e-19,4.646339392678154e-13,2.975213541676309e-19,0.015619754791259766
Mestizos,004_4.JPG,0.0016075678524111118,6.005467599415462e-07,3.328682589975904e-10,1.738913375354443e-10,1.7954245668921163e-20,1.1138577869091368e-13,3.77878262967392e-20,0.0
Mestizos,004_40.JPG,0.0017380848591838543,9.853412536028475e-07,1.775427721707482e-09,5.330649905983255e-10,3.8447388947112936e-19,3.899088355433809e-13,3.4801213504018865e-19,0.0
Mestizos,004_41.JPG,0.0017906947495184102,1.0745504926029187e-06,1.3270990564912564e-09,3.9410054433114373e-10,1.6197170973357263e-19,2.5173335100214985e-13,2.345136668660935e-19,0.0
Mestizos,004_42.JPG,0.001576363732363055,5.390013261703102e-07,5.55423796192689e-10,2.0124347362510864e-10,6.350766557817539e-20,1.3915547514495974e-13,2.221624896033118e-20,0.0
Mestizos,004_43.JPG,0.0018322431730239236,9.102106783662063e-07,1.9310879415469522e-10,1.1624080174337523e-10,-3.0190714905924193e-22,6.423023155168458e-14,1.7413002198882272e-20,0.01574540138244629
Mestizos,004_44.JPG,0.0015726157645123496,5.7540835734351e-07,3.174216969180486e-10,2.1084237524848436e-10,3.850199473311239e-20,1.3558638328349216e-13,3.863620432619718e-20,0.0
Mestizos,004_45.JPG,0.00200861255339861,1.2590547735613578e-06,5.252097615000826e-10,2.0475012369316486e-10,1.8425491099521782e-20,1.2262212301255156e-13,6.456565200741965e-20,0.0
Mestizos,004_46.JPG,0.001541381715458282,7.315849392887048e-07,1.4653886609596472e-09,4.461339361975905e-10,3.227200618217298e-19,3.1916913088665834e-13,1.6116179961037841e-19,0.0019941329956054688
Mestizos,004_47.JPG,0.0012665414614210068,2.2987384596177513e-07,2.477353672175625e-10,1.3113802509718976e-10,2.0441475013532087e-20,5.701193142800969e-14,1.1867602887928189e-20,0.011510372161865234
Mestizos,004_48.JPG,0.0013595032486410931,2.913638301819687e-07,3.58307286887209e-11,9.117482764352342e-11,5.211223873794749e-21,4.689384270531508e-14,8.032540240863556e-24,0.0
Mestizos,004_49.JPG,0.0014689483441118502,6.158431690805471e-07,1.7686617638119708e-10,5.211848100763712e-11,3.2577309447479642e-21,3.142374252118501e-14,3.7982055349473505e-21,0.015619993209838867
Mestizos,004_5.JPG,0.0016747552765250385,5.638875572715376e-07,9.255962123122869e-10,7.779394920424759e-10,4.789667869846796e-19,5.051656036786899e-13,4.542714165462875e-19,0.003988981246948242
Mestizos,004_50.JPG,0.0014542545679643506,6.278467577763265e-07,4.4407169900968735e-10,1.1585573105112634e-10,2.1102878356942754e-20,8.500246920207275e-14,1.565998953981728e-20,0.0
Mestizos,004_51.JPG,0.0018139025857286948,9.875623413654517e-07,1.3700150446813696e-09,4.694862717611137e-10,2.0903863606917265e-19,3.240778062041789e-13,3.1317089865719607e-19,0.0
Mestizos,004_52.JPG,0.0015874081864372636,5.845957511175271e-07,1.1227694197690227e-10,1.3016975553467977e-10,1.4978725214656218e-20,9.85267791606041e-14,-4.82470913229626e-21,0.0
Mestizos,004_53.JPG,0.0015788891349077423,9.316019360838783e-07,1.3515975475518162e-10,3.3015896023361224e-11,-9.155067027442358e-22,7.167136340664586e-15,2.0065159166024372e-21,0.0
Mestizos,004_54.JPG,0.0016633988468477095,5.407975204599391e-07,1.87883332163125e-10,6.901486273422981e-11,-9.38693802983288e-22,4.2136785861008725e-14,-7.802570910175459e-21,0.0
Mestizos,004_55.JPG,0.0015461409461011242,6.566389878612426e-07,7.007001456648411e-11,2.2339761075629454e-11,-8.50481109048157e-22,3.321478526223983e-15,-2.4060726881485555e-22,0.0
Mestizos,004_56.JPG,0.0019111331760573386,1.0060998021774368e-06,4.748834949935868e-10,2.1409852668777424e-10,4.494570537343411e-20,1.9058643292141504e-13,-5.138420326321626e-20,0.015624046325683594
Mestizos,004_57.JPG,0.0013493082326794692,3.3704726290614487e-07,1.791485249457002e-10,7.224319102573972e-11,-7.184614300339282e-22,3.9990039365172865e-14,-8.187215143633502e-21,0.0
Mestizos,004_58.JPG,0.0014966504275198268,6.922411122148199e-07,8.497718683787284e-12,2.195848206870158e-12,6.176373342352392e-24,3.8057977011417963e-16,7.19894507892574e-24,0.0020198822021484375
Mestizos,004_59.JPG,0.0016878429074249426,8.093589884890667e-07,1.3508659534718624e-10,3.194214965650655e-11,-8.679292996893443e-22,1.6872737833202595e-14,1.9103016980658844e-21,0.0019943714141845703
Mestizos,004_6.JPG,0.0017279609597185242,7.834697679971171e-07,3.1213942873774365e-10,1.365466172166929e-10,8.308797725140395e-21,1.0841780781004222e-13,2.6937750243389504e-20,0.0019943714141845703
Mestizos,004_60.JPG,0.0015316503042692269,5.732034962708203e-07,3.307484407121242e-12,1.3009890226118797e-11,-6.952602713078558e-23,3.2031873141269175e-15,4.9490123068297827e-23,0.0
Mestizos,004_61.JPG,0.0013993410353252567,4.4354910017484665e-07,6.79153146533353e-11,1.937975231837968e-11,-5.794055122634684e-23,1.289189976495923e-14,-7.006908555476958e-22,0.0019927024841308594
Mestizos,004_62.JPG,0.0015714539228786023,6.187699885397197e-07,7.63820927888352e-12,7.297848393974038e-12,-7.344135815741101e-24,-5.7105738879279986e-15,-5.398916865646443e-23,0.01565074920654297
Mestizos,004_63.JPG,0.0015568825639742157,6.498360294971097e-07,2.468630060980552e-10,9.031278773170513e-11,9.232625703697963e-21,5.956917997249055e-14,9.828765165554596e-21,0.001989126205444336
Mestizos,004_64.JPG,0.0020585167497398247,1.3129355596597176e-06,2.9178477668114913e-10,1.9627409155636882e-10,-1.0119314416467277e-20,-4.358790904343151e-14,-4.586756365748606e-20,0.0
Mestizos,004_65.JPG,0.0016365609120188602,8.306543277055824e-07,6.310396186420642e-10,1.9262477726474113e-10,3.993366153595355e-20,1.2389325893560249e-13,5.399513284992264e-20,0.0
Mestizos,004_66.JPG,0.0016688966346890333,8.301507553489408e-07,5.358324278656868e-10,1.4095462120907477e-10,2.555573397039169e-20,1.0184414760186772e-13,2.9112049002836576e-20,0.0
Mestizos,004_67.JPG,0.0017731716106549607,7.850480877465267e-07,1.5027523298543883e-10,1.1165737576716953e-10,8.816130672156405e-21,8.231691017775784e-14,-1.146603897659358e-20,0.001506805419921875
Mestizos,004_68.JPG,0.001562914480748265,7.776133162900882e-07,6.25682716089465e-11,4.9997142500724715e-12,-1.1769115221951534e-23,-1.80030216319019e-15,8.764234729120261e-23,0.0
Mestizos,004_69.JPG,0.0017971966909253773,8.833792439432022e-07,1.2890110148578484e-10,3.9135712723468933e-11,-2.7735497407587397e-21,5.940932647226444e-15,-1.8386760273003797e-22,0.0019881725311279297
Mestizos,004_7.JPG,0.0018052556685855044,9.492178038342125e-07,1.0357997616450995e-09,3.141201165869123e-10,8.549128886209846e-20,2.0093542038289336e-13,1.5746596000568663e-19,0.0020656585693359375
Mestizos,004_70.JPG,0.0017279124763704451,7.012919957408491e-07,1.1271043162268009e-10,2.5410738638988766e-11,1.6278719869307729e-22,-1.5745963357942698e-14,1.3501248075738586e-21,0.0
Mestizos,004_71.JPG,0.0014473651378355732,4.1035364833104733e-07,4.909047979891817e-11,7.246429909897605e-11,3.0988282916936044e-21,4.565737589546795e-14,-3.012797523097999e-21,0.0
Mestizos,004_72.JPG,0.001684473072796515,4.2846448944212996e-07,3.7366138887798546e-10,8.241542063026009e-10,4.510643952996177e-19,5.291550181610118e-13,-7.558416416103086e-20,0.001993894577026367
Mestizos,004_73.JPG,0.0017351261871820399,7.457114909520018e-07,1.4213864004673775e-10,2.3300538049660874e-11,-6.544161553176339e-22,1.3818749394095342e-14,1.170394640306401e-21,0.0
Mestizos,004_74.JPG,0.001684765565407542,6.892647143671423e-07,5.5138288171901996e-11,4.4993139256305965e-11,-1.7217024247735126e-21,1.3107568033870771e-14,1.4345450536131103e-21,0.0
Mestizos,004_75.JPG,0.0018369556871927154,7.703129997656895e-07,6.012630694018633e-11,4.308430493749754e-11,-2.129212973837941e-21,-8.341237029228657e-15,5.244873648153041e-22,0.0
Mestizos,004_76.JPG,0.0016843299143500666,8.556101095265611e-07,1.1371305017785208e-10,4.282400581943279e-12,9.360502861668378e-23,-3.3346981737727133e-15,1.298170398855716e-23,0.009079694747924805
Mestizos,004_77.JPG,0.0014054171939761615,4.6429211922463795e-07,2.7525296948789704e-11,7.220860913186884e-11,1.0464429589674929e-21,4.5656143833726225e-14,-3.0443846958828648e-21,0.0019850730895996094
Mestizos,004_78.JPG,0.0015295387646450183,3.187355985231301e-07,2.060108089844692e-10,2.1492725792202174e-10,-2.9332399394955577e-21,1.1644819667349604e-13,4.5130160033077435e-20,0.0019981861114501953
Mestizos,004_79.JPG,0.0014187287335010249,5.732249147899538e-07,1.9882286620641533e-12,2.297023240243821e-11,8.152127139310465e-24,-8.093553848384026e-15,1.550177931807819e-22,0.0
Mestizos,004_8.JPG,0.0016841887879648803,8.331900706881279e-07,2.3413824628940776e-10,1.481740696966305e-10,1.2879597243014205e-20,1.0867493561265151e-13,-2.440952278433197e-20,0.015626907348632812
Mestizos,004_80.JPG,0.0015112573049214303,5.834109484684323e-07,1.0727342655784048e-10,3.269475021213046e-11,-1.1009575103301217e-21,1.414078587100084e-14,-1.5927917793338294e-21,0.0
Mestizos,004_81.JPG,0.0013918977269959884,3.872909666401387e-07,2.7992363874631636e-10,1.52289618145771e-10,2.4977768300047425e-20,8.995873824834178e-14,1.9099190269127305e-20,0.0
Mestizos,004_82.JPG,0.001647449757063272,8.490673727449306e-07,4.48632717283533e-10,1.4133283111330374e-10,6.645790761574414e-21,7.040109873779644e-14,3.496250830628138e-20,0.0029993057250976562
Mestizos,004_83.JPG,0.0016747005180250219,7.691801301793096e-07,1.7159597111166695e-09,7.780785750856795e-10,7.232014540285415e-19,5.282308836378501e-13,5.341242712637029e-19,0.015619993209838867
Mestizos,004_84.JPG,0.001691129291622092,8.540265074873918e-07,1.4504935362315935e-09,5.426994094481018e-10,3.717818971604488e-19,3.957435386024538e-13,3.059757254695411e-19,0.0
Mestizos,004_85.JPG,0.0017184609779683712,8.851440839829415e-07,1.444000350548997e-09,5.610063829465112e-10,4.0119583781617487e-19,4.198242624883201e-13,3.0659600552362823e-19,0.0
Mestizos,004_86.JPG,0.0017332991758448673,1.0358518755810628e-06,3.9323379969826294e-10,7.841551664757376e-11,6.13507062679968e-21,4.5729176204788033e-14,1.2327570677183837e-20,0.0
Mestizos,004_87.jpg,0.0016315857428117247,6.712670806180207e-07,8.934164488869067e-10,3.969371259212742e-10,1.891795261341188e-19,2.806519923581014e-13,1.4172617587901533e-19,0.0
Mestizos,004_88.JPG,0.0015921908853225547,7.756579207426172e-07,2.907005379629486e-10,7.45796698426498e-11,3.565439267273936e-21,4.727227553368586e-14,1.038636158979847e-20,0.0
Mestizos,004_89.JPG,0.0017035141024737484,8.239269085207096e-07,5.086315558577666e-10,2.7608649316143907e-10,7.923657926972936e-20,2.1222243176253628e-13,6.652356068036007e-20,0.0
Mestizos,004_9.JPG,0.0018117269156184518,8.024335510651273e-07,5.419764283014336e-10,3.4531915312279183e-10,1.2610023849677707e-19,1.969161456982055e-13,-8.010036403244645e-20,0.0
Mestizos,004_90.JPG,0.0017743113886583579,9.039192196134137e-07,1.7597010077872927e-09,6.816425178873945e-10,5.937857067508017e-19,5.21391108238139e-13,4.524864798900983e-19,0.0
Mestizos,004_91.JPG,0.001494503137639923,5.797858319764067e-07,1.4549125396738834e-11,3.1202997094425795e-12,-1.889259900690606e-23,1.4852252554158263e-16,9.223519685450115e-24,0.0
Mestizos,004_92.JPG,0.0014802128313828912,5.786284111379705e-07,2.122462771847815e-10,1.7928647916248636e-12,-3.385796669522094e-23,8.332127112205812e-16,-8.763359938012742e-24,0.0
Mestizos,004_93.JPG,0.0015615736354979207,5.082431603072867e-07,3.7448675804078256e-10,1.238239135709436e-10,-5.511636695182437e-21,5.739402657734169e-14,2.608811692516638e-20,0.0
Mestizos,004_94.JPG,0.0014896403324254634,5.500717804920631e-07,7.443566323843002e-11,4.923039004158859e-12,2.0579269347895216e-23,-2.548138613963795e-15,-9.19667476336097e-23,0.001993417739868164
Mestizos,004_95.JPG,0.0014893739796661186,6.89580806111464e-07,6.170123871395226e-11,1.395668749230868e-11,4.7935377963524994e-23,1.130359522945166e-14,-4.0674791093591123e-22,0.0
Mestizos,004_96.JPG,0.0014574245504164183,3.214632597025811e-07,1.1490393843272097e-10,1.4015305889583125e-10,1.192548096839498e-20,7.741798310592196e-14,-1.3195247683793577e-20,0.001994609832763672
Mestizos,004_97.JPG,0.0016139371386478503,7.343909495127768e-07,1.384453469386301e-10,1.6821308566452526e-11,-2.547076834611235e-22,6.717255239983375e-15,-7.707671099065952e-22,0.0
Mestizos,004_98.jpg,0.001402860428132802,3.478920761001511e-07,6.251877820384934e-11,4.6829571919897077e-11,1.0184825835412584e-21,2.7300054468187992e-14,-2.3201779415315433e-21,0.0
Mestizos,004_99.JPG,0.0014217368324533214,4.877928946702667e-07,1.4952925302872695e-10,1.5553660224162357e-10,1.3320397580233835e-20,9.841820026229714e-14,-1.9626472785835458e-20,0.0020520687103271484
